cellId,up1,dn1,up2,dn2,up3,dn3,up4,dn4,up5,dn5,up6,dn6,up7,dn7,up8,dn8,up9,dn9,up10,dn10,up11,dn11,up12,dn12,up13,dn13,up14,dn14,up15,dn15,up16,dn16,up17,dn17,up18,dn18,up19,dn19,up20,dn20,up21,dn21,up22,dn22,up23,dn23,up24,dn24,up25,dn25,up26,dn26,up27,dn27,up28,dn28,up29,dn29
(296;278),-0.034483,0,-0.034483,0,-0.034483,0,-0.034483,0,-0.034483,0,-0.034483,0,-0.034483,0,-0.034483,0,-0.034483,0,-0.034483,0,-0.034483,0,-0.034483,0,-0.034483,0,-0.034483,0,0.965517,0,-0.034483,0,-0.034483,0,-0.034483,0,-0.034483,0,-0.034483,0,-0.034483,0,-0.034483,0,-0.034483,0,-0.034483,0,-0.034483,0,-0.034483,0,-0.034483,0,-0.034483,0,-0.034483,0
(297;405),-0.034483,0,-0.034483,0,-0.034483,0,-0.034483,0,-0.034483,0,-0.034483,0,-0.034483,0,-0.034483,0,-0.034483,0,-0.034483,0,-0.034483,0,-0.034483,0,-0.034483,0,-0.034483,0,-0.034483,0,-0.034483,0,-0.034483,0,-0.034483,0,-0.034483,0,-0.034483,0,-0.034483,0,-0.034483,0,-0.034483,0,-0.034483,0,-0.034483,0,-0.034483,0,-0.034483,0,0.965517,0,-0.034483,0
(202;431),-0.068966,0,-0.068966,0,-0.068966,0,-0.068966,0,-0.068966,0,-0.068966,0,-0.068966,0,-0.068966,0,-0.068966,0,-0.068966,0,-0.068966,0,-0.068966,0,1.931034,0,-0.068966,0,-0.068966,0,-0.068966,0,-0.068966,0,-0.068966,0,-0.068966,0,-0.068966,0,-0.068966,0,-0.068966,0,-0.068966,0,-0.068966,0,-0.068966,0,-0.068966,0,-0.068966,0,-0.068966,0,-0.068966,0
(297;279),-0.034483,0,-0.034483,0,-0.034483,0,-0.034483,0,-0.034483,0,-0.034483,0,-0.034483,0,-0.034483,0,-0.034483,0,-0.034483,0,-0.034483,0,-0.034483,0,-0.034483,0,-0.034483,0,0.965517,0,-0.034483,0,-0.034483,0,-0.034483,0,-0.034483,0,-0.034483,0,-0.034483,0,-0.034483,0,-0.034483,0,-0.034483,0,-0.034483,0,-0.034483,0,-0.034483,0,-0.034483,0,-0.034483,0
(296;404),-0.034483,0,-0.034483,0,-0.034483,0,-0.034483,0,-0.034483,0,-0.034483,0,-0.034483,0,-0.034483,0,-0.034483,0,-0.034483,0,-0.034483,0,-0.034483,0,-0.034483,0,-0.034483,0,-0.034483,0,-0.034483,0,-0.034483,0,-0.034483,0,-0.034483,0,-0.034483,0,-0.034483,0,-0.034483,0,-0.034483,0,-0.034483,0,-0.034483,0,-0.034483,0,-0.034483,0,0.965517,0,-0.034483,0
(230;409),-0.034483,0,-0.034483,0,-0.034483,0,-0.034483,0,-0.034483,0,-0.034483,0,-0.034483,0,-0.034483,0,-0.034483,0,-0.034483,0,-0.034483,0,-0.034483,0,-0.034483,0,-0.034483,0,-0.034483,0,-0.034483,0,-0.034483,0,0.965517,0,-0.034483,0,-0.034483,0,-0.034483,0,-0.034483,0,-0.034483,0,-0.034483,0,-0.034483,0,-0.034483,0,-0.034483,0,-0.034483,0,-0.034483,0
(301;397),-0.034483,0,-0.034483,0,-0.034483,0,-0.034483,0,-0.034483,0,-0.034483,0,-0.034483,0,-0.034483,0,-0.034483,0,-0.034483,0,-0.034483,0,-0.034483,0,-0.034483,0,-0.034483,0,-0.034483,0,-0.034483,0,-0.034483,0,-0.034483,0,-0.034483,0,-0.034483,0,-0.034483,0,-0.034483,0,-0.034483,0,-0.034483,0,-0.034483,0,-0.034483,0,-0.034483,0,0.965517,0,-0.034483,0
(291;223),-0.034483,0,-0.034483,0,-0.034483,0,-0.034483,0,-0.034483,0,-0.034483,0,-0.034483,0,-0.034483,0,-0.034483,0,-0.034483,0,-0.034483,0,-0.034483,0,-0.034483,0,-0.034483,0,-0.034483,0,-0.034483,0,0.965517,0,-0.034483,0,-0.034483,0,-0.034483,0,-0.034483,0,-0.034483,0,-0.034483,0,-0.034483,0,-0.034483,0,-0.034483,0,-0.034483,0,-0.034483,0,-0.034483,0
(294;253),-0.034483,0,-0.034483,0,-0.034483,0,-0.034483,0,-0.034483,0,-0.034483,0,-0.034483,0,-0.034483,0,-0.034483,0,-0.034483,0,-0.034483,0,-0.034483,0,-0.034483,0,-0.034483,0,-0.034483,0,-0.034483,0,-0.034483,0,-0.034483,0,0.965517,0,-0.034483,0,-0.034483,0,-0.034483,0,-0.034483,0,-0.034483,0,-0.034483,0,-0.034483,0,-0.034483,0,-0.034483,0,-0.034483,0
(284;255),-0.034483,0,-0.034483,0,-0.034483,0,-0.034483,0,-0.034483,0,0.965517,0,-0.034483,0,-0.034483,0,-0.034483,0,-0.034483,0,-0.034483,0,-0.034483,0,-0.034483,0,-0.034483,0,-0.034483,0,-0.034483,0,-0.034483,0,-0.034483,0,-0.034483,0,-0.034483,0,-0.034483,0,-0.034483,0,-0.034483,0,-0.034483,0,-0.034483,0,-0.034483,0,-0.034483,0,-0.034483,0,-0.034483,0
(149;514),-0.034483,0,-0.034483,0,-0.034483,0,-0.034483,0,-0.034483,0,-0.034483,0,-0.034483,0,-0.034483,0,-0.034483,0,-0.034483,0,-0.034483,0,-0.034483,0,-0.034483,0,-0.034483,0,-0.034483,0,-0.034483,0,-0.034483,0,0.965517,0,-0.034483,0,-0.034483,0,-0.034483,0,-0.034483,0,-0.034483,0,-0.034483,0,-0.034483,0,-0.034483,0,-0.034483,0,-0.034483,0,-0.034483,0
(207;423),-0.034483,0,-0.034483,0,-0.034483,0,-0.034483,0,-0.034483,0,-0.034483,0,-0.034483,0,-0.034483,0,-0.034483,0,-0.034483,0,-0.034483,0,-0.034483,0,-0.034483,0,-0.034483,0,-0.034483,0,-0.034483,0,-0.034483,0,-0.034483,0,-0.034483,0,-0.034483,0,-0.034483,0,0.965517,0,-0.034483,0,-0.034483,0,-0.034483,0,-0.034483,0,-0.034483,0,-0.034483,0,-0.034483,0
(239;379),-0.034483,0,-0.034483,0,-0.034483,0,-0.034483,0,-0.034483,0,-0.034483,0,-0.034483,0,0.965517,0,-0.034483,0,-0.034483,0,-0.034483,0,-0.034483,0,-0.034483,0,-0.034483,0,-0.034483,0,-0.034483,0,-0.034483,0,-0.034483,0,-0.034483,0,-0.034483,0,-0.034483,0,-0.034483,0,-0.034483,0,-0.034483,0,-0.034483,0,-0.034483,0,-0.034483,0,-0.034483,0,-0.034483,0
(308;393),-0.034483,0,-0.034483,0,-0.034483,0,-0.034483,0,-0.034483,0,-0.034483,0,-0.034483,0,-0.034483,0,-0.034483,0,-0.034483,0,-0.034483,0,-0.034483,0,-0.034483,0,-0.034483,0,-0.034483,0,0.965517,0,-0.034483,0,-0.034483,0,-0.034483,0,-0.034483,0,-0.034483,0,-0.034483,0,-0.034483,0,-0.034483,0,-0.034483,0,-0.034483,0,-0.034483,0,-0.034483,0,-0.034483,0
(196;173),-0.034483,0,-0.034483,0,-0.034483,0,-0.034483,0,-0.034483,0,-0.034483,0,-0.034483,0,-0.034483,0,-0.034483,0,-0.034483,0,-0.034483,0,-0.034483,0,-0.034483,0,-0.034483,0,-0.034483,0,-0.034483,0,-0.034483,0,0.965517,0,-0.034483,0,-0.034483,0,-0.034483,0,-0.034483,0,-0.034483,0,-0.034483,0,-0.034483,0,-0.034483,0,-0.034483,0,-0.034483,0,-0.034483,0
(278;363),-0.034483,0,-0.034483,0,-0.034483,0,-0.034483,0,-0.034483,0,-0.034483,0,-0.034483,0,-0.034483,0,-0.034483,0,-0.034483,0,-0.034483,0,-0.034483,0,-0.034483,0,-0.034483,0,-0.034483,0,0.965517,0,-0.034483,0,-0.034483,0,-0.034483,0,-0.034483,0,-0.034483,0,-0.034483,0,-0.034483,0,-0.034483,0,-0.034483,0,-0.034483,0,-0.034483,0,-0.034483,0,-0.034483,0
(193;368),-0.034483,0,-0.034483,0,-0.034483,0,0.965517,0,-0.034483,0,-0.034483,0,-0.034483,0,-0.034483,0,-0.034483,0,-0.034483,0,-0.034483,0,-0.034483,0,-0.034483,0,-0.034483,0,-0.034483,0,-0.034483,0,-0.034483,0,-0.034483,0,-0.034483,0,-0.034483,0,-0.034483,0,-0.034483,0,-0.034483,0,-0.034483,0,-0.034483,0,-0.034483,0,-0.034483,0,-0.034483,0,-0.034483,0
(296;225),-0.034483,0,-0.034483,0,-0.034483,0,-0.034483,0,-0.034483,0,-0.034483,0,-0.034483,0,-0.034483,0,-0.034483,0,-0.034483,0,-0.034483,0,-0.034483,0,-0.034483,0,-0.034483,0,0.965517,0,-0.034483,0,-0.034483,0,-0.034483,0,-0.034483,0,-0.034483,0,-0.034483,0,-0.034483,0,-0.034483,0,-0.034483,0,-0.034483,0,-0.034483,0,-0.034483,0,-0.034483,0,-0.034483,0
(236;410),-0.034483,0,-0.034483,0,-0.034483,0,-0.034483,0,-0.034483,0,-0.034483,0,-0.034483,0,-0.034483,0,-0.034483,0,-0.034483,0,-0.034483,0,-0.034483,0,-0.034483,0,-0.034483,0,-0.034483,0,-0.034483,0,-0.034483,0,-0.034483,0,-0.034483,0,-0.034483,0,-0.034483,0,-0.034483,0,-0.034483,0,0.965517,0,-0.034483,0,-0.034483,0,-0.034483,0,-0.034483,0,-0.034483,0
(293;249),-0.034483,0,-0.034483,0,-0.034483,0,-0.034483,0,-0.034483,0,-0.034483,0,-0.034483,0,-0.034483,0,-0.034483,0,-0.034483,0,-0.034483,0,-0.034483,0,-0.034483,0,-0.034483,0,-0.034483,0,-0.034483,0,-0.034483,0,-0.034483,0,-0.034483,0,-0.034483,0,-0.034483,0,-0.034483,0,-0.034483,0,0.965517,0,-0.034483,0,-0.034483,0,-0.034483,0,-0.034483,0,-0.034483,0
(297;404),-0.034483,0,-0.034483,0,-0.034483,0,-0.034483,0,-0.034483,0,-0.034483,0,-0.034483,0,-0.034483,0,-0.034483,0,-0.034483,0,-0.034483,0,-0.034483,0,-0.034483,0,-0.034483,0,-0.034483,0,-0.034483,0,-0.034483,0,-0.034483,0,-0.034483,0,-0.034483,0,-0.034483,0,-0.034483,0,-0.034483,0,-0.034483,0,-0.034483,0,-0.034483,0,-0.034483,0,0.965517,0,-0.034483,0
(275;274),-0.034483,0,-0.034483,0,-0.034483,0,-0.034483,0,-0.034483,0,-0.034483,0,-0.034483,0,-0.034483,0,-0.034483,0,-0.034483,0,-0.034483,0,-0.034483,0,-0.034483,0,-0.034483,0,0.965517,0,-0.034483,0,-0.034483,0,-0.034483,0,-0.034483,0,-0.034483,0,-0.034483,0,-0.034483,0,-0.034483,0,-0.034483,0,-0.034483,0,-0.034483,0,-0.034483,0,-0.034483,0,-0.034483,0
(207;354),-0.034483,0,-0.034483,0,-0.034483,0,-0.034483,0,-0.034483,0,-0.034483,0,-0.034483,0,-0.034483,0,-0.034483,0,-0.034483,0,-0.034483,0,-0.034483,0,-0.034483,0,-0.034483,0,-0.034483,0,0.965517,0,-0.034483,0,-0.034483,0,-0.034483,0,-0.034483,0,-0.034483,0,-0.034483,0,-0.034483,0,-0.034483,0,-0.034483,0,-0.034483,0,-0.034483,0,-0.034483,0,-0.034483,0
(303;405),-0.034483,0,-0.034483,0,-0.034483,0,-0.034483,0,-0.034483,0,-0.034483,0,-0.034483,0,-0.034483,0,-0.034483,0,-0.034483,0,-0.034483,0,-0.034483,0,-0.034483,0,-0.034483,0,-0.034483,0,-0.034483,0,-0.034483,0,-0.034483,0,-0.034483,0,-0.034483,0,-0.034483,0,-0.034483,0,-0.034483,0,-0.034483,0,-0.034483,0,-0.034483,0,0.965517,0,-0.034483,0,-0.034483,0
(230;402),-0.034483,0,-0.034483,0,-0.034483,0,-0.034483,0,-0.034483,0,-0.034483,0,-0.034483,0,-0.034483,0,-0.034483,0,-0.034483,0,-0.034483,0,-0.034483,0,-0.034483,0,-0.034483,0,-0.034483,0,-0.034483,0,-0.034483,0,-0.034483,0,-0.034483,0,-0.034483,0,-0.034483,0,-0.034483,0,-0.034483,0,-0.034483,0,-0.034483,0,0.965517,0,-0.034483,0,-0.034483,0,-0.034483,0
(292;248),-0.068966,0,-0.068966,0,-0.068966,0,-0.068966,0,-0.068966,0,-0.068966,0,-0.068966,0,-0.068966,0,-0.068966,0,-0.068966,0,-0.068966,0,-0.068966,0,-0.068966,0,-0.068966,0,1.931034,0,-0.068966,0,-0.068966,0,-0.068966,0,-0.068966,0,-0.068966,0,-0.068966,0,-0.068966,0,-0.068966,0,-0.068966,0,-0.068966,0,-0.068966,0,-0.068966,0,-0.068966,0,-0.068966,0
(305;419),-0.034483,0,-0.034483,0,-0.034483,0,-0.034483,0,-0.034483,0,-0.034483,0,-0.034483,0,-0.034483,0,-0.034483,0,-0.034483,0,-0.034483,0,-0.034483,0,-0.034483,0,0.965517,0,-0.034483,0,-0.034483,0,-0.034483,0,-0.034483,0,-0.034483,0,-0.034483,0,-0.034483,0,-0.034483,0,-0.034483,0,-0.034483,0,-0.034483,0,-0.034483,0,-0.034483,0,-0.034483,0,-0.034483,0
(266;455),-0.034483,0,-0.034483,0,-0.034483,0,-0.034483,0,-0.034483,0,-0.034483,0,-0.034483,0,-0.034483,0,-0.034483,0,-0.034483,0,-0.034483,0,-0.034483,0,-0.034483,0,-0.034483,0,-0.034483,0,-0.034483,0,-0.034483,0,-0.034483,0,-0.034483,0,0.965517,0,-0.034483,0,-0.034483,0,-0.034483,0,-0.034483,0,-0.034483,0,-0.034483,0,-0.034483,0,-0.034483,0,-0.034483,0
(295;248),-0.068966,-0.034483,-0.068966,-0.034483,-0.068966,-0.034483,-0.068966,-0.034483,-0.068966,-0.034483,-0.068966,-0.034483,-0.068966,-0.034483,-0.068966,-0.034483,-0.068966,-0.034483,-0.068966,-0.034483,-0.068966,-0.034483,-0.068966,-0.034483,-0.068966,0.965517,0.931034,-0.034483,-0.068966,-0.034483,-0.068966,-0.034483,0.931034,-0.034483,-0.068966,-0.034483,-0.068966,-0.034483,-0.068966,-0.034483,-0.068966,-0.034483,-0.068966,-0.034483,-0.068966,-0.034483,-0.068966,-0.034483,-0.068966,-0.034483,-0.068966,-0.034483,-0.068966,-0.034483,-0.068966,-0.034483,-0.068966,-0.034483
(230;378),-0.034483,0,-0.034483,0,-0.034483,0,-0.034483,0,-0.034483,0,-0.034483,0,-0.034483,0,-0.034483,0,-0.034483,0,-0.034483,0,-0.034483,0,-0.034483,0,-0.034483,0,-0.034483,0,-0.034483,0,0.965517,0,-0.034483,0,-0.034483,0,-0.034483,0,-0.034483,0,-0.034483,0,-0.034483,0,-0.034483,0,-0.034483,0,-0.034483,0,-0.034483,0,-0.034483,0,-0.034483,0,-0.034483,0
(278;364),-0.034483,-0.103448,-0.034483,-0.103448,-0.034483,-0.103448,-0.034483,-0.103448,-0.034483,-0.103448,-0.034483,-0.103448,-0.034483,-0.103448,-0.034483,-0.103448,-0.034483,-0.103448,-0.034483,-0.103448,-0.034483,-0.103448,-0.034483,-0.103448,-0.034483,-0.103448,-0.034483,-0.103448,-0.034483,0.896552,0.965517,1.896552,-0.034483,-0.103448,-0.034483,-0.103448,-0.034483,-0.103448,-0.034483,-0.103448,-0.034483,-0.103448,-0.034483,-0.103448,-0.034483,-0.103448,-0.034483,-0.103448,-0.034483,-0.103448,-0.034483,-0.103448,-0.034483,-0.103448,-0.034483,-0.103448,-0.034483,-0.103448
(167;176),-0.034483,0,-0.034483,0,-0.034483,0,-0.034483,0,-0.034483,0,-0.034483,0,-0.034483,0,-0.034483,0,-0.034483,0,-0.034483,0,-0.034483,0,-0.034483,0,-0.034483,0,-0.034483,0,-0.034483,0,-0.034483,0,-0.034483,0,0.965517,0,-0.034483,0,-0.034483,0,-0.034483,0,-0.034483,0,-0.034483,0,-0.034483,0,-0.034483,0,-0.034483,0,-0.034483,0,-0.034483,0,-0.034483,0
(289;249),-0.034483,0,-0.034483,0,-0.034483,0,-0.034483,0,-0.034483,0,-0.034483,0,-0.034483,0,-0.034483,0,-0.034483,0,-0.034483,0,-0.034483,0,-0.034483,0,-0.034483,0,-0.034483,0,-0.034483,0,-0.034483,0,-0.034483,0,-0.034483,0,-0.034483,0,0.965517,0,-0.034483,0,-0.034483,0,-0.034483,0,-0.034483,0,-0.034483,0,-0.034483,0,-0.034483,0,-0.034483,0,-0.034483,0
(283;253),-0.034483,0,-0.034483,0,-0.034483,0,-0.034483,0,-0.034483,0,-0.034483,0,0.965517,0,-0.034483,0,-0.034483,0,-0.034483,0,-0.034483,0,-0.034483,0,-0.034483,0,-0.034483,0,-0.034483,0,-0.034483,0,-0.034483,0,-0.034483,0,-0.034483,0,-0.034483,0,-0.034483,0,-0.034483,0,-0.034483,0,-0.034483,0,-0.034483,0,-0.034483,0,-0.034483,0,-0.034483,0,-0.034483,0
(201;218),-0.034483,0,-0.034483,0,-0.034483,0,-0.034483,0,-0.034483,0,-0.034483,0,-0.034483,0,-0.034483,0,-0.034483,0,-0.034483,0,-0.034483,0,-0.034483,0,-0.034483,0,-0.034483,0,-0.034483,0,-0.034483,0,-0.034483,0,-0.034483,0,-0.034483,0,-0.034483,0,-0.034483,0,-0.034483,0,-0.034483,0,-0.034483,0,-0.034483,0,-0.034483,0,-0.034483,0,0.965517,0,-0.034483,0
(226;292),-0.034483,0,-0.034483,0,-0.034483,0,-0.034483,0,-0.034483,0,-0.034483,0,-0.034483,0,-0.034483,0,-0.034483,0,-0.034483,0,-0.034483,0,-0.034483,0,-0.034483,0,0.965517,0,-0.034483,0,-0.034483,0,-0.034483,0,-0.034483,0,-0.034483,0,-0.034483,0,-0.034483,0,-0.034483,0,-0.034483,0,-0.034483,0,-0.034483,0,-0.034483,0,-0.034483,0,-0.034483,0,-0.034483,0
(296;248),-0.034483,0,-0.034483,0,-0.034483,0,-0.034483,0,-0.034483,0,-0.034483,0,-0.034483,0,-0.034483,0,-0.034483,0,-0.034483,0,-0.034483,0,-0.034483,0,-0.034483,0,-0.034483,0,0.965517,0,-0.034483,0,-0.034483,0,-0.034483,0,-0.034483,0,-0.034483,0,-0.034483,0,-0.034483,0,-0.034483,0,-0.034483,0,-0.034483,0,-0.034483,0,-0.034483,0,-0.034483,0,-0.034483,0
(283;249),0.965517,0,-0.034483,0,-0.034483,0,-0.034483,0,-0.034483,0,-0.034483,0,-0.034483,0,-0.034483,0,-0.034483,0,-0.034483,0,-0.034483,0,-0.034483,0,-0.034483,0,-0.034483,0,-0.034483,0,-0.034483,0,-0.034483,0,-0.034483,0,-0.034483,0,-0.034483,0,-0.034483,0,-0.034483,0,-0.034483,0,-0.034483,0,-0.034483,0,-0.034483,0,-0.034483,0,-0.034483,0,-0.034483,0
(277;367),-0.034483,0,-0.034483,0,-0.034483,0,-0.034483,0,-0.034483,0,-0.034483,0,-0.034483,0,-0.034483,0,-0.034483,0,-0.034483,0,-0.034483,0,-0.034483,0,0.965517,0,-0.034483,0,-0.034483,0,-0.034483,0,-0.034483,0,-0.034483,0,-0.034483,0,-0.034483,0,-0.034483,0,-0.034483,0,-0.034483,0,-0.034483,0,-0.034483,0,-0.034483,0,-0.034483,0,-0.034483,0,-0.034483,0
(249;326),-0.034483,0,-0.034483,0,-0.034483,0,-0.034483,0,-0.034483,0,-0.034483,0,-0.034483,0,-0.034483,0,-0.034483,0,-0.034483,0,-0.034483,0,-0.034483,0,-0.034483,0,-0.034483,0,-0.034483,0,-0.034483,0,-0.034483,0,-0.034483,0,-0.034483,0,-0.034483,0,-0.034483,0,-0.034483,0,-0.034483,0,-0.034483,0,-0.034483,0,-0.034483,0,-0.034483,0,-0.034483,0,0.965517,0
(253;419),-0.034483,0,-0.034483,0,-0.034483,0,-0.034483,0,-0.034483,0,-0.034483,0,-0.034483,0,-0.034483,0,-0.034483,0,-0.034483,0,-0.034483,0,-0.034483,0,0.965517,0,-0.034483,0,-0.034483,0,-0.034483,0,-0.034483,0,-0.034483,0,-0.034483,0,-0.034483,0,-0.034483,0,-0.034483,0,-0.034483,0,-0.034483,0,-0.034483,0,-0.034483,0,-0.034483,0,-0.034483,0,-0.034483,0
(304;249),-0.034483,0,-0.034483,0,-0.034483,0,-0.034483,0,-0.034483,0,-0.034483,0,-0.034483,0,-0.034483,0,-0.034483,0,-0.034483,0,-0.034483,0,-0.034483,0,-0.034483,0,-0.034483,0,0.965517,0,-0.034483,0,-0.034483,0,-0.034483,0,-0.034483,0,-0.034483,0,-0.034483,0,-0.034483,0,-0.034483,0,-0.034483,0,-0.034483,0,-0.034483,0,-0.034483,0,-0.034483,0,-0.034483,0
(284;257),-0.034483,0,-0.034483,0,-0.034483,0,-0.034483,0,-0.034483,0,-0.034483,0,-0.034483,0,-0.034483,0,-0.034483,0,0.965517,0,-0.034483,0,-0.034483,0,-0.034483,0,-0.034483,0,-0.034483,0,-0.034483,0,-0.034483,0,-0.034483,0,-0.034483,0,-0.034483,0,-0.034483,0,-0.034483,0,-0.034483,0,-0.034483,0,-0.034483,0,-0.034483,0,-0.034483,0,-0.034483,0,-0.034483,0
(296;280),-0.034483,0,-0.034483,0,-0.034483,0,-0.034483,0,-0.034483,0,-0.034483,0,-0.034483,0,-0.034483,0,-0.034483,0,-0.034483,0,-0.034483,0,-0.034483,0,-0.034483,0,0.965517,0,-0.034483,0,-0.034483,0,-0.034483,0,-0.034483,0,-0.034483,0,-0.034483,0,-0.034483,0,-0.034483,0,-0.034483,0,-0.034483,0,-0.034483,0,-0.034483,0,-0.034483,0,-0.034483,0,-0.034483,0
(279;364),-0.034483,-0.034483,-0.034483,-0.034483,-0.034483,-0.034483,-0.034483,-0.034483,-0.034483,-0.034483,-0.034483,-0.034483,-0.034483,-0.034483,-0.034483,-0.034483,-0.034483,-0.034483,-0.034483,-0.034483,-0.034483,-0.034483,-0.034483,-0.034483,-0.034483,-0.034483,-0.034483,0.965517,-0.034483,-0.034483,-0.034483,-0.034483,-0.034483,-0.034483,-0.034483,-0.034483,-0.034483,-0.034483,0.965517,-0.034483,-0.034483,-0.034483,-0.034483,-0.034483,-0.034483,-0.034483,-0.034483,-0.034483,-0.034483,-0.034483,-0.034483,-0.034483,-0.034483,-0.034483,-0.034483,-0.034483,-0.034483,-0.034483
(299;290),-0.034483,0,-0.034483,0,-0.034483,0,-0.034483,0,-0.034483,0,-0.034483,0,-0.034483,0,-0.034483,0,-0.034483,0,-0.034483,0,-0.034483,0,-0.034483,0,-0.034483,0,-0.034483,0,0.965517,0,-0.034483,0,-0.034483,0,-0.034483,0,-0.034483,0,-0.034483,0,-0.034483,0,-0.034483,0,-0.034483,0,-0.034483,0,-0.034483,0,-0.034483,0,-0.034483,0,-0.034483,0,-0.034483,0
(285;363),-0.068966,0,-0.068966,0,-0.068966,0,-0.068966,0,-0.068966,0,-0.068966,0,-0.068966,0,-0.068966,0,-0.068966,0,-0.068966,0,-0.068966,0,-0.068966,0,-0.068966,0,-0.068966,0,-0.068966,0,1.931034,0,-0.068966,0,-0.068966,0,-0.068966,0,-0.068966,0,-0.068966,0,-0.068966,0,-0.068966,0,-0.068966,0,-0.068966,0,-0.068966,0,-0.068966,0,-0.068966,0,-0.068966,0
(285;254),-0.034483,0,-0.034483,0,-0.034483,0,-0.034483,0,-0.034483,0,-0.034483,0,-0.034483,0,-0.034483,0,-0.034483,0,-0.034483,0,-0.034483,0,-0.034483,0,0.965517,0,-0.034483,0,-0.034483,0,-0.034483,0,-0.034483,0,-0.034483,0,-0.034483,0,-0.034483,0,-0.034483,0,-0.034483,0,-0.034483,0,-0.034483,0,-0.034483,0,-0.034483,0,-0.034483,0,-0.034483,0,-0.034483,0
(200;431),-0.034483,0,-0.034483,0,-0.034483,0,-0.034483,0,-0.034483,0,-0.034483,0,-0.034483,0,-0.034483,0,-0.034483,0,-0.034483,0,-0.034483,0,-0.034483,0,-0.034483,0,-0.034483,0,-0.034483,0,-0.034483,0,0.965517,0,-0.034483,0,-0.034483,0,-0.034483,0,-0.034483,0,-0.034483,0,-0.034483,0,-0.034483,0,-0.034483,0,-0.034483,0,-0.034483,0,-0.034483,0,-0.034483,0
(198;431),-0.034483,0,-0.034483,0,-0.034483,0,-0.034483,0,-0.034483,0,-0.034483,0,-0.034483,0,-0.034483,0,-0.034483,0,-0.034483,0,-0.034483,0,-0.034483,0,0.965517,0,-0.034483,0,-0.034483,0,-0.034483,0,-0.034483,0,-0.034483,0,-0.034483,0,-0.034483,0,-0.034483,0,-0.034483,0,-0.034483,0,-0.034483,0,-0.034483,0,-0.034483,0,-0.034483,0,-0.034483,0,-0.034483,0
(296;223),-0.034483,0,-0.034483,0,-0.034483,0,-0.034483,0,-0.034483,0,-0.034483,0,-0.034483,0,-0.034483,0,-0.034483,0,-0.034483,0,-0.034483,0,-0.034483,0,-0.034483,0,-0.034483,0,-0.034483,0,0.965517,0,-0.034483,0,-0.034483,0,-0.034483,0,-0.034483,0,-0.034483,0,-0.034483,0,-0.034483,0,-0.034483,0,-0.034483,0,-0.034483,0,-0.034483,0,-0.034483,0,-0.034483,0
(318;354),-0.034483,0,-0.034483,0,-0.034483,0,-0.034483,0,-0.034483,0,-0.034483,0,-0.034483,0,-0.034483,0,-0.034483,0,-0.034483,0,-0.034483,0,-0.034483,0,-0.034483,0,-0.034483,0,0.965517,0,-0.034483,0,-0.034483,0,-0.034483,0,-0.034483,0,-0.034483,0,-0.034483,0,-0.034483,0,-0.034483,0,-0.034483,0,-0.034483,0,-0.034483,0,-0.034483,0,-0.034483,0,-0.034483,0
(308;248),-0.068966,-0.034483,-0.068966,-0.034483,-0.068966,-0.034483,-0.068966,-0.034483,-0.068966,-0.034483,-0.068966,-0.034483,-0.068966,-0.034483,-0.068966,-0.034483,-0.068966,-0.034483,-0.068966,-0.034483,-0.068966,-0.034483,-0.068966,-0.034483,-0.068966,-0.034483,-0.068966,-0.034483,-0.068966,0.965517,1.931034,-0.034483,-0.068966,-0.034483,-0.068966,-0.034483,-0.068966,-0.034483,-0.068966,-0.034483,-0.068966,-0.034483,-0.068966,-0.034483,-0.068966,-0.034483,-0.068966,-0.034483,-0.068966,-0.034483,-0.068966,-0.034483,-0.068966,-0.034483,-0.068966,-0.034483,-0.068966,-0.034483
(288;364),-0.034483,0,-0.034483,0,-0.034483,0,-0.034483,0,-0.034483,0,-0.034483,0,-0.034483,0,-0.034483,0,-0.034483,0,-0.034483,0,-0.034483,0,-0.034483,0,0.965517,0,-0.034483,0,-0.034483,0,-0.034483,0,-0.034483,0,-0.034483,0,-0.034483,0,-0.034483,0,-0.034483,0,-0.034483,0,-0.034483,0,-0.034483,0,-0.034483,0,-0.034483,0,-0.034483,0,-0.034483,0,-0.034483,0
(230;440),-0.034483,0,-0.034483,0,-0.034483,0,-0.034483,0,-0.034483,0,-0.034483,0,-0.034483,0,-0.034483,0,-0.034483,0,-0.034483,0,-0.034483,0,-0.034483,0,-0.034483,0,-0.034483,0,-0.034483,0,-0.034483,0,-0.034483,0,-0.034483,0,-0.034483,0,-0.034483,0,-0.034483,0,-0.034483,0,-0.034483,0,-0.034483,0,-0.034483,0,-0.034483,0,-0.034483,0,0.965517,0,-0.034483,0
(283;264),-0.034483,0,-0.034483,0,-0.034483,0,-0.034483,0,-0.034483,0,-0.034483,0,-0.034483,0,-0.034483,0,-0.034483,0,-0.034483,0,-0.034483,0,-0.034483,0,-0.034483,0,-0.034483,0,-0.034483,0,-0.034483,0,-0.034483,0,-0.034483,0,-0.034483,0,0.965517,0,-0.034483,0,-0.034483,0,-0.034483,0,-0.034483,0,-0.034483,0,-0.034483,0,-0.034483,0,-0.034483,0,-0.034483,0
(228;432),-0.034483,0,-0.034483,0,-0.034483,0,-0.034483,0,-0.034483,0,-0.034483,0,-0.034483,0,-0.034483,0,-0.034483,0,-0.034483,0,-0.034483,0,-0.034483,0,-0.034483,0,0.965517,0,-0.034483,0,-0.034483,0,-0.034483,0,-0.034483,0,-0.034483,0,-0.034483,0,-0.034483,0,-0.034483,0,-0.034483,0,-0.034483,0,-0.034483,0,-0.034483,0,-0.034483,0,-0.034483,0,-0.034483,0
(284;250),-0.034483,0,-0.034483,0,-0.034483,0,-0.034483,0,-0.034483,0,-0.034483,0,-0.034483,0,-0.034483,0,-0.034483,0,-0.034483,0,-0.034483,0,-0.034483,0,-0.034483,0,-0.034483,0,-0.034483,0,-0.034483,0,-0.034483,0,0.965517,0,-0.034483,0,-0.034483,0,-0.034483,0,-0.034483,0,-0.034483,0,-0.034483,0,-0.034483,0,-0.034483,0,-0.034483,0,-0.034483,0,-0.034483,0
(256;419),-0.034483,0,-0.034483,0,-0.034483,0,-0.034483,0,-0.034483,0,-0.034483,0,-0.034483,0,-0.034483,0,-0.034483,0,-0.034483,0,-0.034483,0,-0.034483,0,0.965517,0,-0.034483,0,-0.034483,0,-0.034483,0,-0.034483,0,-0.034483,0,-0.034483,0,-0.034483,0,-0.034483,0,-0.034483,0,-0.034483,0,-0.034483,0,-0.034483,0,-0.034483,0,-0.034483,0,-0.034483,0,-0.034483,0
(421;241),-0.034483,0,-0.034483,0,-0.034483,0,-0.034483,0,-0.034483,0,-0.034483,0,-0.034483,0,-0.034483,0,-0.034483,0,-0.034483,0,-0.034483,0,-0.034483,0,-0.034483,0,-0.034483,0,-0.034483,0,-0.034483,0,-0.034483,0,-0.034483,0,0.965517,0,-0.034483,0,-0.034483,0,-0.034483,0,-0.034483,0,-0.034483,0,-0.034483,0,-0.034483,0,-0.034483,0,-0.034483,0,-0.034483,0
(228;429),-0.034483,0,-0.034483,0,-0.034483,0,-0.034483,0,-0.034483,0,-0.034483,0,-0.034483,0,-0.034483,0,-0.034483,0,-0.034483,0,-0.034483,0,-0.034483,0,-0.034483,0,-0.034483,0,-0.034483,0,-0.034483,0,-0.034483,0,-0.034483,0,0.965517,0,-0.034483,0,-0.034483,0,-0.034483,0,-0.034483,0,-0.034483,0,-0.034483,0,-0.034483,0,-0.034483,0,-0.034483,0,-0.034483,0
(249;424),-0.034483,0,-0.034483,0,-0.034483,0,-0.034483,0,-0.034483,0,-0.034483,0,-0.034483,0,-0.034483,0,-0.034483,0,-0.034483,0,-0.034483,0,-0.034483,0,-0.034483,0,-0.034483,0,-0.034483,0,-0.034483,0,-0.034483,0,-0.034483,0,-0.034483,0,-0.034483,0,-0.034483,0,0.965517,0,-0.034483,0,-0.034483,0,-0.034483,0,-0.034483,0,-0.034483,0,-0.034483,0,-0.034483,0
(284;274),-0.034483,0,-0.034483,0,-0.034483,0,-0.034483,0,-0.034483,0,-0.034483,0,-0.034483,0,-0.034483,0,-0.034483,0,-0.034483,0,-0.034483,0,-0.034483,0,-0.034483,0,-0.034483,0,-0.034483,0,-0.034483,0,0.965517,0,-0.034483,0,-0.034483,0,-0.034483,0,-0.034483,0,-0.034483,0,-0.034483,0,-0.034483,0,-0.034483,0,-0.034483,0,-0.034483,0,-0.034483,0,-0.034483,0
(298;319),-0.034483,0,-0.034483,0,-0.034483,0,-0.034483,0,-0.034483,0,-0.034483,0,-0.034483,0,-0.034483,0,-0.034483,0,-0.034483,0,-0.034483,0,-0.034483,0,-0.034483,0,0.965517,0,-0.034483,0,-0.034483,0,-0.034483,0,-0.034483,0,-0.034483,0,-0.034483,0,-0.034483,0,-0.034483,0,-0.034483,0,-0.034483,0,-0.034483,0,-0.034483,0,-0.034483,0,-0.034483,0,-0.034483,0
(132;332),-0.034483,0,-0.034483,0,-0.034483,0,-0.034483,0,-0.034483,0,-0.034483,0,-0.034483,0,-0.034483,0,-0.034483,0,-0.034483,0,-0.034483,0,-0.034483,0,-0.034483,0,-0.034483,0,-0.034483,0,-0.034483,0,-0.034483,0,0.965517,0,-0.034483,0,-0.034483,0,-0.034483,0,-0.034483,0,-0.034483,0,-0.034483,0,-0.034483,0,-0.034483,0,-0.034483,0,-0.034483,0,-0.034483,0
(250;365),-0.034483,0,-0.034483,0,-0.034483,0,-0.034483,0,-0.034483,0,-0.034483,0,-0.034483,0,-0.034483,0,-0.034483,0,-0.034483,0,-0.034483,0,-0.034483,0,-0.034483,0,-0.034483,0,-0.034483,0,-0.034483,0,-0.034483,0,-0.034483,0,-0.034483,0,-0.034483,0,-0.034483,0,-0.034483,0,-0.034483,0,0.965517,0,-0.034483,0,-0.034483,0,-0.034483,0,-0.034483,0,-0.034483,0
(275;364),-0.068966,0,-0.068966,0,-0.068966,0,-0.068966,0,-0.068966,0,-0.068966,0,-0.068966,0,-0.068966,0,-0.068966,0,-0.068966,0,-0.068966,0,-0.068966,0,-0.068966,0,0.931034,0,-0.068966,0,0.931034,0,-0.068966,0,-0.068966,0,-0.068966,0,-0.068966,0,-0.068966,0,-0.068966,0,-0.068966,0,-0.068966,0,-0.068966,0,-0.068966,0,-0.068966,0,-0.068966,0,-0.068966,0
(230;433),-0.034483,0,-0.034483,0,-0.034483,0,-0.034483,0,-0.034483,0,-0.034483,0,-0.034483,0,-0.034483,0,-0.034483,0,-0.034483,0,-0.034483,0,-0.034483,0,-0.034483,0,-0.034483,0,-0.034483,0,-0.034483,0,-0.034483,0,0.965517,0,-0.034483,0,-0.034483,0,-0.034483,0,-0.034483,0,-0.034483,0,-0.034483,0,-0.034483,0,-0.034483,0,-0.034483,0,-0.034483,0,-0.034483,0
(288;363),-0.034483,0,-0.034483,0,-0.034483,0,-0.034483,0,-0.034483,0,-0.034483,0,-0.034483,0,-0.034483,0,-0.034483,0,-0.034483,0,-0.034483,0,-0.034483,0,0.965517,0,-0.034483,0,-0.034483,0,-0.034483,0,-0.034483,0,-0.034483,0,-0.034483,0,-0.034483,0,-0.034483,0,-0.034483,0,-0.034483,0,-0.034483,0,-0.034483,0,-0.034483,0,-0.034483,0,-0.034483,0,-0.034483,0
(183;235),-0.034483,0,-0.034483,0,-0.034483,0,-0.034483,0,-0.034483,0,-0.034483,0,-0.034483,0,-0.034483,0,-0.034483,0,-0.034483,0,-0.034483,0,-0.034483,0,0.965517,0,-0.034483,0,-0.034483,0,-0.034483,0,-0.034483,0,-0.034483,0,-0.034483,0,-0.034483,0,-0.034483,0,-0.034483,0,-0.034483,0,-0.034483,0,-0.034483,0,-0.034483,0,-0.034483,0,-0.034483,0,-0.034483,0
(297;299),-0.034483,0,-0.034483,0,-0.034483,0,-0.034483,0,-0.034483,0,-0.034483,0,-0.034483,0,-0.034483,0,-0.034483,0,-0.034483,0,-0.034483,0,-0.034483,0,-0.034483,0,-0.034483,0,-0.034483,0,-0.034483,0,-0.034483,0,-0.034483,0,-0.034483,0,-0.034483,0,-0.034483,0,-0.034483,0,0.965517,0,-0.034483,0,-0.034483,0,-0.034483,0,-0.034483,0,-0.034483,0,-0.034483,0
(297;275),-0.034483,0,-0.034483,0,-0.034483,0,-0.034483,0,-0.034483,0,-0.034483,0,-0.034483,0,-0.034483,0,-0.034483,0,-0.034483,0,-0.034483,0,-0.034483,0,-0.034483,0,-0.034483,0,0.965517,0,-0.034483,0,-0.034483,0,-0.034483,0,-0.034483,0,-0.034483,0,-0.034483,0,-0.034483,0,-0.034483,0,-0.034483,0,-0.034483,0,-0.034483,0,-0.034483,0,-0.034483,0,-0.034483,0
(284;251),-0.103448,0,-0.103448,0,-0.103448,0,-0.103448,0,-0.103448,0,-0.103448,0,-0.103448,0,-0.103448,0,-0.103448,0,-0.103448,0,-0.103448,0,-0.103448,0,-0.103448,0,-0.103448,0,-0.103448,0,-0.103448,0,0.896552,0,-0.103448,0,-0.103448,0,-0.103448,0,-0.103448,0,-0.103448,0,-0.103448,0,-0.103448,0,-0.103448,0,-0.103448,0,-0.103448,0,-0.103448,0,1.896552,0
(200;300),-0.068966,0,-0.068966,0,-0.068966,0,-0.068966,0,-0.068966,0,-0.068966,0,-0.068966,0,-0.068966,0,-0.068966,0,-0.068966,0,-0.068966,0,-0.068966,0,-0.068966,0,-0.068966,0,-0.068966,0,-0.068966,0,-0.068966,0,-0.068966,0,-0.068966,0,1.931034,0,-0.068966,0,-0.068966,0,-0.068966,0,-0.068966,0,-0.068966,0,-0.068966,0,-0.068966,0,-0.068966,0,-0.068966,0
(273;270),-0.034483,-0.275862,-0.034483,-0.275862,-0.034483,-0.275862,-0.034483,-0.275862,-0.034483,-0.275862,-0.034483,-0.275862,-0.034483,-0.275862,-0.034483,-0.275862,-0.034483,-0.275862,-0.034483,-0.275862,-0.034483,-0.275862,-0.034483,-0.275862,-0.034483,-0.275862,-0.034483,-0.275862,0.965517,1.724138,-0.034483,0.724138,-0.034483,0.724138,-0.034483,-0.275862,-0.034483,2.724138,-0.034483,0.724138,-0.034483,-0.275862,-0.034483,-0.275862,-0.034483,-0.275862,-0.034483,-0.275862,-0.034483,-0.275862,-0.034483,-0.275862,-0.034483,-0.275862,-0.034483,-0.275862,-0.034483,-0.275862
(276;364),-0.034483,0,-0.034483,0,-0.034483,0,-0.034483,0,-0.034483,0,-0.034483,0,-0.034483,0,-0.034483,0,-0.034483,0,-0.034483,0,-0.034483,0,-0.034483,0,-0.034483,0,0.965517,0,-0.034483,0,-0.034483,0,-0.034483,0,-0.034483,0,-0.034483,0,-0.034483,0,-0.034483,0,-0.034483,0,-0.034483,0,-0.034483,0,-0.034483,0,-0.034483,0,-0.034483,0,-0.034483,0,-0.034483,0
(285;252),-0.034483,0,-0.034483,0,-0.034483,0,-0.034483,0,-0.034483,0,-0.034483,0,-0.034483,0,-0.034483,0,-0.034483,0,-0.034483,0,-0.034483,0,-0.034483,0,-0.034483,0,-0.034483,0,-0.034483,0,-0.034483,0,-0.034483,0,-0.034483,0,-0.034483,0,-0.034483,0,-0.034483,0,-0.034483,0,-0.034483,0,-0.034483,0,-0.034483,0,-0.034483,0,-0.034483,0,-0.034483,0,0.965517,0
(287;249),-0.034483,0,-0.034483,0,-0.034483,0,-0.034483,0,-0.034483,0,-0.034483,0,-0.034483,0,-0.034483,0,-0.034483,0,-0.034483,0,-0.034483,0,-0.034483,0,-0.034483,0,-0.034483,0,-0.034483,0,-0.034483,0,-0.034483,0,-0.034483,0,-0.034483,0,0.965517,0,-0.034483,0,-0.034483,0,-0.034483,0,-0.034483,0,-0.034483,0,-0.034483,0,-0.034483,0,-0.034483,0,-0.034483,0
(230;434),-0.034483,0,-0.034483,0,-0.034483,0,-0.034483,0,-0.034483,0,-0.034483,0,-0.034483,0,-0.034483,0,-0.034483,0,-0.034483,0,-0.034483,0,-0.034483,0,0.965517,0,-0.034483,0,-0.034483,0,-0.034483,0,-0.034483,0,-0.034483,0,-0.034483,0,-0.034483,0,-0.034483,0,-0.034483,0,-0.034483,0,-0.034483,0,-0.034483,0,-0.034483,0,-0.034483,0,-0.034483,0,-0.034483,0
(192;173),-0.034483,0,-0.034483,0,-0.034483,0,-0.034483,0,-0.034483,0,-0.034483,0,-0.034483,0,-0.034483,0,-0.034483,0,-0.034483,0,-0.034483,0,-0.034483,0,-0.034483,0,-0.034483,0,-0.034483,0,-0.034483,0,-0.034483,0,-0.034483,0,-0.034483,0,0.965517,0,-0.034483,0,-0.034483,0,-0.034483,0,-0.034483,0,-0.034483,0,-0.034483,0,-0.034483,0,-0.034483,0,-0.034483,0
(265;356),-0.034483,0,-0.034483,0,-0.034483,0,-0.034483,0,-0.034483,0,-0.034483,0,-0.034483,0,-0.034483,0,-0.034483,0,-0.034483,0,-0.034483,0,-0.034483,0,-0.034483,0,-0.034483,0,-0.034483,0,-0.034483,0,-0.034483,0,-0.034483,0,-0.034483,0,-0.034483,0,-0.034483,0,-0.034483,0,-0.034483,0,-0.034483,0,0.965517,0,-0.034483,0,-0.034483,0,-0.034483,0,-0.034483,0
(223;431),-0.137931,-0.896552,-0.137931,-0.896552,-0.137931,-0.896552,-0.137931,-0.896552,-0.137931,-0.896552,-0.137931,-0.896552,-0.137931,-0.896552,-0.137931,-0.896552,-0.137931,-0.896552,-0.137931,-0.896552,-0.137931,-0.896552,-0.137931,-0.896552,-0.137931,6.103448,-0.137931,1.103448,-0.137931,2.103448,-0.137931,2.103448,-0.137931,1.103448,-0.137931,2.103448,0.862069,-0.896552,0.862069,0.103448,-0.137931,-0.896552,-0.137931,-0.896552,-0.137931,-0.896552,-0.137931,-0.896552,-0.137931,-0.896552,-0.137931,0.103448,0.862069,1.103448,-0.137931,0.103448,0.862069,0.103448
(226;431),-0.034483,0,-0.034483,0,-0.034483,0,-0.034483,0,-0.034483,0,-0.034483,0,-0.034483,0,-0.034483,0,-0.034483,0,-0.034483,0,-0.034483,0,-0.034483,0,0.965517,0,-0.034483,0,-0.034483,0,-0.034483,0,-0.034483,0,-0.034483,0,-0.034483,0,-0.034483,0,-0.034483,0,-0.034483,0,-0.034483,0,-0.034483,0,-0.034483,0,-0.034483,0,-0.034483,0,-0.034483,0,-0.034483,0
(280;246),-0.034483,0,-0.034483,0,-0.034483,0,-0.034483,0,-0.034483,0,-0.034483,0,-0.034483,0,-0.034483,0,-0.034483,0,-0.034483,0,-0.034483,0,-0.034483,0,0.965517,0,-0.034483,0,-0.034483,0,-0.034483,0,-0.034483,0,-0.034483,0,-0.034483,0,-0.034483,0,-0.034483,0,-0.034483,0,-0.034483,0,-0.034483,0,-0.034483,0,-0.034483,0,-0.034483,0,-0.034483,0,-0.034483,0
(299;350),-0.034483,0,-0.034483,0,-0.034483,0,-0.034483,0,-0.034483,0,-0.034483,0,-0.034483,0,-0.034483,0,-0.034483,0,-0.034483,0,-0.034483,0,-0.034483,0,-0.034483,0,-0.034483,0,0.965517,0,-0.034483,0,-0.034483,0,-0.034483,0,-0.034483,0,-0.034483,0,-0.034483,0,-0.034483,0,-0.034483,0,-0.034483,0,-0.034483,0,-0.034483,0,-0.034483,0,-0.034483,0,-0.034483,0
(230;418),-0.034483,0,-0.034483,0,-0.034483,0,-0.034483,0,-0.034483,0,-0.034483,0,-0.034483,0,-0.034483,0,-0.034483,0,-0.034483,0,-0.034483,0,-0.034483,0,-0.034483,0,0.965517,0,-0.034483,0,-0.034483,0,-0.034483,0,-0.034483,0,-0.034483,0,-0.034483,0,-0.034483,0,-0.034483,0,-0.034483,0,-0.034483,0,-0.034483,0,-0.034483,0,-0.034483,0,-0.034483,0,-0.034483,0
(186;264),-0.034483,0,-0.034483,0,-0.034483,0,-0.034483,0,-0.034483,0,-0.034483,0,-0.034483,0,-0.034483,0,-0.034483,0,-0.034483,0,-0.034483,0,-0.034483,0,-0.034483,0,-0.034483,0,-0.034483,0,-0.034483,0,-0.034483,0,0.965517,0,-0.034483,0,-0.034483,0,-0.034483,0,-0.034483,0,-0.034483,0,-0.034483,0,-0.034483,0,-0.034483,0,-0.034483,0,-0.034483,0,-0.034483,0
(273;279),-0.034483,0,-0.034483,0,-0.034483,0,-0.034483,0,-0.034483,0,-0.034483,0,-0.034483,0,-0.034483,0,-0.034483,0,-0.034483,0,-0.034483,0,-0.034483,0,-0.034483,0,-0.034483,0,-0.034483,0,-0.034483,0,-0.034483,0,-0.034483,0,-0.034483,0,-0.034483,0,-0.034483,0,-0.034483,0,-0.034483,0,-0.034483,0,0.965517,0,-0.034483,0,-0.034483,0,-0.034483,0,-0.034483,0
(292;284),-0.034483,0,-0.034483,0,-0.034483,0,-0.034483,0,-0.034483,0,-0.034483,0,-0.034483,0,-0.034483,0,-0.034483,0,-0.034483,0,-0.034483,0,-0.034483,0,-0.034483,0,0.965517,0,-0.034483,0,-0.034483,0,-0.034483,0,-0.034483,0,-0.034483,0,-0.034483,0,-0.034483,0,-0.034483,0,-0.034483,0,-0.034483,0,-0.034483,0,-0.034483,0,-0.034483,0,-0.034483,0,-0.034483,0
(170;358),-0.034483,0,-0.034483,0,-0.034483,0,-0.034483,0,-0.034483,0,-0.034483,0,-0.034483,0,-0.034483,0,-0.034483,0,-0.034483,0,-0.034483,0,-0.034483,0,-0.034483,0,-0.034483,0,-0.034483,0,-0.034483,0,-0.034483,0,-0.034483,0,-0.034483,0,0.965517,0,-0.034483,0,-0.034483,0,-0.034483,0,-0.034483,0,-0.034483,0,-0.034483,0,-0.034483,0,-0.034483,0,-0.034483,0
(294;250),-0.034483,0,-0.034483,0,-0.034483,0,-0.034483,0,-0.034483,0,-0.034483,0,-0.034483,0,-0.034483,0,-0.034483,0,-0.034483,0,-0.034483,0,-0.034483,0,-0.034483,0,-0.034483,0,0.965517,0,-0.034483,0,-0.034483,0,-0.034483,0,-0.034483,0,-0.034483,0,-0.034483,0,-0.034483,0,-0.034483,0,-0.034483,0,-0.034483,0,-0.034483,0,-0.034483,0,-0.034483,0,-0.034483,0
(267;219),-0.034483,0,-0.034483,0,-0.034483,0,-0.034483,0,-0.034483,0,-0.034483,0,-0.034483,0,-0.034483,0,-0.034483,0,-0.034483,0,-0.034483,0,-0.034483,0,-0.034483,0,-0.034483,0,-0.034483,0,-0.034483,0,-0.034483,0,-0.034483,0,-0.034483,0,-0.034483,0,-0.034483,0,-0.034483,0,0.965517,0,-0.034483,0,-0.034483,0,-0.034483,0,-0.034483,0,-0.034483,0,-0.034483,0
(284;264),-0.034483,0,-0.034483,0,-0.034483,0,-0.034483,0,-0.034483,0,-0.034483,0,-0.034483,0,-0.034483,0,-0.034483,0,-0.034483,0,-0.034483,0,-0.034483,0,-0.034483,0,-0.034483,0,-0.034483,0,-0.034483,0,-0.034483,0,-0.034483,0,-0.034483,0,-0.034483,0,-0.034483,0,-0.034483,0,-0.034483,0,-0.034483,0,-0.034483,0,-0.034483,0,-0.034483,0,-0.034483,0,0.965517,0
(284;252),-0.137931,-0.103448,-0.137931,-0.103448,-0.137931,-0.103448,-0.137931,-0.103448,-0.137931,-0.103448,-0.137931,-0.103448,-0.137931,-0.103448,-0.137931,-0.103448,-0.137931,-0.103448,-0.137931,-0.103448,-0.137931,-0.103448,-0.137931,-0.103448,0.862069,0.896552,-0.137931,-0.103448,0.862069,0.896552,-0.137931,-0.103448,-0.137931,-0.103448,-0.137931,0.896552,-0.137931,-0.103448,-0.137931,-0.103448,-0.137931,-0.103448,-0.137931,-0.103448,-0.137931,-0.103448,-0.137931,-0.103448,0.862069,-0.103448,-0.137931,-0.103448,-0.137931,-0.103448,-0.137931,-0.103448,0.862069,-0.103448
(298;317),-0.034483,0,-0.034483,0,-0.034483,0,-0.034483,0,-0.034483,0,-0.034483,0,-0.034483,0,-0.034483,0,-0.034483,0,-0.034483,0,-0.034483,0,-0.034483,0,-0.034483,0,-0.034483,0,-0.034483,0,-0.034483,0,-0.034483,0,0.965517,0,-0.034483,0,-0.034483,0,-0.034483,0,-0.034483,0,-0.034483,0,-0.034483,0,-0.034483,0,-0.034483,0,-0.034483,0,-0.034483,0,-0.034483,0
(285;415),-0.034483,0,-0.034483,0,-0.034483,0,-0.034483,0,-0.034483,0,-0.034483,0,-0.034483,0,-0.034483,0,-0.034483,0,-0.034483,0,-0.034483,0,-0.034483,0,-0.034483,0,-0.034483,0,-0.034483,0,0.965517,0,-0.034483,0,-0.034483,0,-0.034483,0,-0.034483,0,-0.034483,0,-0.034483,0,-0.034483,0,-0.034483,0,-0.034483,0,-0.034483,0,-0.034483,0,-0.034483,0,-0.034483,0
(160;445),-0.034483,0,-0.034483,0,-0.034483,0,-0.034483,0,-0.034483,0,-0.034483,0,-0.034483,0,-0.034483,0,-0.034483,0,-0.034483,0,-0.034483,0,-0.034483,0,-0.034483,0,-0.034483,0,-0.034483,0,0.965517,0,-0.034483,0,-0.034483,0,-0.034483,0,-0.034483,0,-0.034483,0,-0.034483,0,-0.034483,0,-0.034483,0,-0.034483,0,-0.034483,0,-0.034483,0,-0.034483,0,-0.034483,0
(272;270),-0.103448,0,-0.103448,0,-0.103448,0,-0.103448,0,-0.103448,0,-0.103448,0,-0.103448,0,-0.103448,0,-0.103448,0,-0.103448,0,-0.103448,0,-0.103448,0,-0.103448,0,-0.103448,0,-0.103448,0,0.896552,0,0.896552,0,0.896552,0,-0.103448,0,-0.103448,0,-0.103448,0,-0.103448,0,-0.103448,0,-0.103448,0,-0.103448,0,-0.103448,0,-0.103448,0,-0.103448,0,-0.103448,0
(255;237),-0.034483,0,-0.034483,0,-0.034483,0,-0.034483,0,-0.034483,0,-0.034483,0,-0.034483,0,-0.034483,0,-0.034483,0,-0.034483,0,-0.034483,0,-0.034483,0,0.965517,0,-0.034483,0,-0.034483,0,-0.034483,0,-0.034483,0,-0.034483,0,-0.034483,0,-0.034483,0,-0.034483,0,-0.034483,0,-0.034483,0,-0.034483,0,-0.034483,0,-0.034483,0,-0.034483,0,-0.034483,0,-0.034483,0
(211;397),-0.034483,0,-0.034483,0,-0.034483,0,-0.034483,0,-0.034483,0,-0.034483,0,-0.034483,0,-0.034483,0,-0.034483,0,-0.034483,0,-0.034483,0,-0.034483,0,-0.034483,0,-0.034483,0,-0.034483,0,-0.034483,0,-0.034483,0,-0.034483,0,-0.034483,0,-0.034483,0,-0.034483,0,-0.034483,0,-0.034483,0,-0.034483,0,-0.034483,0,0.965517,0,-0.034483,0,-0.034483,0,-0.034483,0
(208;396),-0.034483,0,-0.034483,0,-0.034483,0,-0.034483,0,-0.034483,0,-0.034483,0,-0.034483,0,-0.034483,0,-0.034483,0,-0.034483,0,-0.034483,0,-0.034483,0,-0.034483,0,-0.034483,0,-0.034483,0,-0.034483,0,0.965517,0,-0.034483,0,-0.034483,0,-0.034483,0,-0.034483,0,-0.034483,0,-0.034483,0,-0.034483,0,-0.034483,0,-0.034483,0,-0.034483,0,-0.034483,0,-0.034483,0
(285;253),-0.103448,-0.137931,-0.103448,-0.137931,-0.103448,-0.137931,-0.103448,-0.137931,-0.103448,-0.137931,-0.103448,-0.137931,-0.103448,0.862069,-0.103448,-0.137931,-0.103448,-0.137931,-0.103448,-0.137931,-0.103448,-0.137931,-0.103448,-0.137931,-0.103448,1.862069,-0.103448,-0.137931,-0.103448,0.862069,0.896552,-0.137931,-0.103448,-0.137931,0.896552,-0.137931,0.896552,-0.137931,-0.103448,-0.137931,-0.103448,-0.137931,-0.103448,-0.137931,-0.103448,-0.137931,-0.103448,-0.137931,-0.103448,-0.137931,-0.103448,-0.137931,-0.103448,-0.137931,-0.103448,-0.137931,-0.103448,-0.137931
(223;432),-0.310345,-0.172414,-0.310345,-0.172414,-0.310345,-0.172414,-0.310345,-0.172414,-0.310345,-0.172414,-0.310345,-0.172414,-0.310345,-0.172414,-0.310345,-0.172414,-0.310345,-0.172414,-0.310345,-0.172414,-0.310345,-0.172414,-0.310345,-0.172414,1.689655,-0.172414,-0.310345,0.827586,0.689655,-0.172414,-0.310345,-0.172414,0.689655,-0.172414,2.689655,1.827586,-0.310345,0.827586,-0.310345,-0.172414,-0.310345,-0.172414,-0.310345,-0.172414,-0.310345,-0.172414,-0.310345,-0.172414,-0.310345,-0.172414,-0.310345,-0.172414,-0.310345,-0.172414,0.689655,-0.172414,0.689655,0.827586
(309;248),-0.034483,0,-0.034483,0,-0.034483,0,-0.034483,0,-0.034483,0,-0.034483,0,-0.034483,0,-0.034483,0,-0.034483,0,-0.034483,0,-0.034483,0,-0.034483,0,-0.034483,0,0.965517,0,-0.034483,0,-0.034483,0,-0.034483,0,-0.034483,0,-0.034483,0,-0.034483,0,-0.034483,0,-0.034483,0,-0.034483,0,-0.034483,0,-0.034483,0,-0.034483,0,-0.034483,0,-0.034483,0,-0.034483,0
(149;478),-0.034483,0,-0.034483,0,-0.034483,0,-0.034483,0,-0.034483,0,-0.034483,0,-0.034483,0,-0.034483,0,-0.034483,0,-0.034483,0,-0.034483,0,-0.034483,0,-0.034483,0,-0.034483,0,-0.034483,0,-0.034483,0,-0.034483,0,0.965517,0,-0.034483,0,-0.034483,0,-0.034483,0,-0.034483,0,-0.034483,0,-0.034483,0,-0.034483,0,-0.034483,0,-0.034483,0,-0.034483,0,-0.034483,0
(220;220),-0.034483,0,-0.034483,0,-0.034483,0,-0.034483,0,-0.034483,0,-0.034483,0,-0.034483,0,-0.034483,0,-0.034483,0,-0.034483,0,-0.034483,0,-0.034483,0,-0.034483,0,-0.034483,0,0.965517,0,-0.034483,0,-0.034483,0,-0.034483,0,-0.034483,0,-0.034483,0,-0.034483,0,-0.034483,0,-0.034483,0,-0.034483,0,-0.034483,0,-0.034483,0,-0.034483,0,-0.034483,0,-0.034483,0
(297;293),-0.034483,0,-0.034483,0,-0.034483,0,-0.034483,0,-0.034483,0,-0.034483,0,-0.034483,0,-0.034483,0,-0.034483,0,-0.034483,0,-0.034483,0,-0.034483,0,-0.034483,0,-0.034483,0,-0.034483,0,-0.034483,0,-0.034483,0,0.965517,0,-0.034483,0,-0.034483,0,-0.034483,0,-0.034483,0,-0.034483,0,-0.034483,0,-0.034483,0,-0.034483,0,-0.034483,0,-0.034483,0,-0.034483,0
(297;281),-0.034483,0,-0.034483,0,-0.034483,0,-0.034483,0,-0.034483,0,-0.034483,0,-0.034483,0,-0.034483,0,-0.034483,0,-0.034483,0,-0.034483,0,-0.034483,0,-0.034483,0,-0.034483,0,0.965517,0,-0.034483,0,-0.034483,0,-0.034483,0,-0.034483,0,-0.034483,0,-0.034483,0,-0.034483,0,-0.034483,0,-0.034483,0,-0.034483,0,-0.034483,0,-0.034483,0,-0.034483,0,-0.034483,0
(284;253),-0.551724,-0.413793,-0.551724,-0.413793,-0.551724,-0.413793,-0.551724,-0.413793,-0.551724,-0.413793,-0.551724,-0.413793,0.448276,-0.413793,-0.551724,-0.413793,0.448276,-0.413793,-0.551724,-0.413793,-0.551724,-0.413793,-0.551724,-0.413793,1.448276,0.586207,0.448276,0.586207,1.448276,-0.413793,1.448276,0.586207,-0.551724,3.586207,2.448276,-0.413793,2.448276,-0.413793,0.448276,-0.413793,-0.551724,-0.413793,-0.551724,-0.413793,-0.551724,1.586207,-0.551724,0.586207,-0.551724,1.586207,-0.551724,-0.413793,-0.551724,-0.413793,-0.551724,-0.413793,-0.551724,-0.413793
(213;175),-0.034483,0,-0.034483,0,-0.034483,0,-0.034483,0,-0.034483,0,-0.034483,0,-0.034483,0,-0.034483,0,-0.034483,0,-0.034483,0,-0.034483,0,-0.034483,0,0.965517,0,-0.034483,0,-0.034483,0,-0.034483,0,-0.034483,0,-0.034483,0,-0.034483,0,-0.034483,0,-0.034483,0,-0.034483,0,-0.034483,0,-0.034483,0,-0.034483,0,-0.034483,0,-0.034483,0,-0.034483,0,-0.034483,0
(257;419),-0.034483,0,-0.034483,0,-0.034483,0,-0.034483,0,-0.034483,0,-0.034483,0,-0.034483,0,-0.034483,0,-0.034483,0,-0.034483,0,-0.034483,0,-0.034483,0,0.965517,0,-0.034483,0,-0.034483,0,-0.034483,0,-0.034483,0,-0.034483,0,-0.034483,0,-0.034483,0,-0.034483,0,-0.034483,0,-0.034483,0,-0.034483,0,-0.034483,0,-0.034483,0,-0.034483,0,-0.034483,0,-0.034483,0
(284;334),-0.034483,0,-0.034483,0,-0.034483,0,-0.034483,0,-0.034483,0,-0.034483,0,-0.034483,0,-0.034483,0,-0.034483,0,-0.034483,0,-0.034483,0,-0.034483,0,-0.034483,0,-0.034483,0,0.965517,0,-0.034483,0,-0.034483,0,-0.034483,0,-0.034483,0,-0.034483,0,-0.034483,0,-0.034483,0,-0.034483,0,-0.034483,0,-0.034483,0,-0.034483,0,-0.034483,0,-0.034483,0,-0.034483,0
(283;273),-0.068966,0,-0.068966,0,-0.068966,0,-0.068966,0,-0.068966,0,-0.068966,0,-0.068966,0,-0.068966,0,-0.068966,0,-0.068966,0,-0.068966,0,-0.068966,0,-0.068966,0,-0.068966,0,-0.068966,0,-0.068966,0,-0.068966,0,1.931034,0,-0.068966,0,-0.068966,0,-0.068966,0,-0.068966,0,-0.068966,0,-0.068966,0,-0.068966,0,-0.068966,0,-0.068966,0,-0.068966,0,-0.068966,0
(271;266),-0.034483,0,-0.034483,0,-0.034483,0,-0.034483,0,-0.034483,0,-0.034483,0,0.965517,0,-0.034483,0,-0.034483,0,-0.034483,0,-0.034483,0,-0.034483,0,-0.034483,0,-0.034483,0,-0.034483,0,-0.034483,0,-0.034483,0,-0.034483,0,-0.034483,0,-0.034483,0,-0.034483,0,-0.034483,0,-0.034483,0,-0.034483,0,-0.034483,0,-0.034483,0,-0.034483,0,-0.034483,0,-0.034483,0
(284;249),0.931034,0,-0.068966,0,-0.068966,0,-0.068966,0,-0.068966,0,-0.068966,0,-0.068966,0,-0.068966,0,-0.068966,0,-0.068966,0,-0.068966,0,-0.068966,0,0.931034,0,-0.068966,0,-0.068966,0,-0.068966,0,-0.068966,0,-0.068966,0,-0.068966,0,-0.068966,0,-0.068966,0,-0.068966,0,-0.068966,0,-0.068966,0,-0.068966,0,-0.068966,0,-0.068966,0,-0.068966,0,-0.068966,0
(295;223),-0.034483,0,-0.034483,0,-0.034483,0,-0.034483,0,-0.034483,0,-0.034483,0,-0.034483,0,-0.034483,0,-0.034483,0,-0.034483,0,-0.034483,0,-0.034483,0,-0.034483,0,-0.034483,0,0.965517,0,-0.034483,0,-0.034483,0,-0.034483,0,-0.034483,0,-0.034483,0,-0.034483,0,-0.034483,0,-0.034483,0,-0.034483,0,-0.034483,0,-0.034483,0,-0.034483,0,-0.034483,0,-0.034483,0
(272;263),-0.034483,0,-0.034483,0,-0.034483,0,-0.034483,0,-0.034483,0,-0.034483,0,-0.034483,0,-0.034483,0,-0.034483,0,-0.034483,0,-0.034483,0,-0.034483,0,-0.034483,0,-0.034483,0,0.965517,0,-0.034483,0,-0.034483,0,-0.034483,0,-0.034483,0,-0.034483,0,-0.034483,0,-0.034483,0,-0.034483,0,-0.034483,0,-0.034483,0,-0.034483,0,-0.034483,0,-0.034483,0,-0.034483,0
(247;426),-0.034483,-0.034483,-0.034483,-0.034483,-0.034483,-0.034483,-0.034483,-0.034483,-0.034483,-0.034483,-0.034483,-0.034483,-0.034483,-0.034483,-0.034483,-0.034483,-0.034483,-0.034483,-0.034483,-0.034483,-0.034483,-0.034483,-0.034483,-0.034483,-0.034483,-0.034483,-0.034483,-0.034483,-0.034483,-0.034483,-0.034483,-0.034483,0.965517,0.965517,-0.034483,-0.034483,-0.034483,-0.034483,-0.034483,-0.034483,-0.034483,-0.034483,-0.034483,-0.034483,-0.034483,-0.034483,-0.034483,-0.034483,-0.034483,-0.034483,-0.034483,-0.034483,-0.034483,-0.034483,-0.034483,-0.034483,-0.034483,-0.034483
(279;368),-0.034483,0,-0.034483,0,-0.034483,0,-0.034483,0,-0.034483,0,-0.034483,0,-0.034483,0,-0.034483,0,-0.034483,0,-0.034483,0,-0.034483,0,-0.034483,0,-0.034483,0,-0.034483,0,-0.034483,0,-0.034483,0,-0.034483,0,-0.034483,0,-0.034483,0,-0.034483,0,-0.034483,0,-0.034483,0,-0.034483,0,-0.034483,0,0.965517,0,-0.034483,0,-0.034483,0,-0.034483,0,-0.034483,0
(272;288),-0.034483,0,-0.034483,0,-0.034483,0,-0.034483,0,-0.034483,0,-0.034483,0,-0.034483,0,-0.034483,0,-0.034483,0,-0.034483,0,-0.034483,0,-0.034483,0,-0.034483,0,-0.034483,0,-0.034483,0,-0.034483,0,-0.034483,0,-0.034483,0,0.965517,0,-0.034483,0,-0.034483,0,-0.034483,0,-0.034483,0,-0.034483,0,-0.034483,0,-0.034483,0,-0.034483,0,-0.034483,0,-0.034483,0
(143;360),-0.034483,0,-0.034483,0,-0.034483,0,-0.034483,0,-0.034483,0,-0.034483,0,-0.034483,0,-0.034483,0,-0.034483,0,-0.034483,0,-0.034483,0,-0.034483,0,-0.034483,0,-0.034483,0,-0.034483,0,-0.034483,0,0.965517,0,-0.034483,0,-0.034483,0,-0.034483,0,-0.034483,0,-0.034483,0,-0.034483,0,-0.034483,0,-0.034483,0,-0.034483,0,-0.034483,0,-0.034483,0,-0.034483,0
(282;275),-0.034483,0,-0.034483,0,-0.034483,0,-0.034483,0,-0.034483,0,-0.034483,0,-0.034483,0,-0.034483,0,-0.034483,0,-0.034483,0,-0.034483,0,-0.034483,0,-0.034483,0,-0.034483,0,-0.034483,0,-0.034483,0,0.965517,0,-0.034483,0,-0.034483,0,-0.034483,0,-0.034483,0,-0.034483,0,-0.034483,0,-0.034483,0,-0.034483,0,-0.034483,0,-0.034483,0,-0.034483,0,-0.034483,0
(199;431),-0.034483,0,-0.034483,0,-0.034483,0,-0.034483,0,-0.034483,0,-0.034483,0,-0.034483,0,-0.034483,0,-0.034483,0,-0.034483,0,-0.034483,0,-0.034483,0,-0.034483,0,-0.034483,0,-0.034483,0,-0.034483,0,-0.034483,0,-0.034483,0,-0.034483,0,0.965517,0,-0.034483,0,-0.034483,0,-0.034483,0,-0.034483,0,-0.034483,0,-0.034483,0,-0.034483,0,-0.034483,0,-0.034483,0
(274;271),-0.034483,-0.034483,-0.034483,-0.034483,-0.034483,-0.034483,-0.034483,-0.034483,-0.034483,-0.034483,-0.034483,-0.034483,-0.034483,-0.034483,-0.034483,-0.034483,-0.034483,-0.034483,-0.034483,-0.034483,-0.034483,-0.034483,-0.034483,-0.034483,0.965517,0.965517,-0.034483,-0.034483,-0.034483,-0.034483,-0.034483,-0.034483,-0.034483,-0.034483,-0.034483,-0.034483,-0.034483,-0.034483,-0.034483,-0.034483,-0.034483,-0.034483,-0.034483,-0.034483,-0.034483,-0.034483,-0.034483,-0.034483,-0.034483,-0.034483,-0.034483,-0.034483,-0.034483,-0.034483,-0.034483,-0.034483,-0.034483,-0.034483
(230;375),-0.034483,0,-0.034483,0,-0.034483,0,-0.034483,0,-0.034483,0,-0.034483,0,-0.034483,0,-0.034483,0,-0.034483,0,-0.034483,0,-0.034483,0,-0.034483,0,-0.034483,0,-0.034483,0,-0.034483,0,0.965517,0,-0.034483,0,-0.034483,0,-0.034483,0,-0.034483,0,-0.034483,0,-0.034483,0,-0.034483,0,-0.034483,0,-0.034483,0,-0.034483,0,-0.034483,0,-0.034483,0,-0.034483,0
(299;380),-0.034483,0,-0.034483,0,-0.034483,0,-0.034483,0,-0.034483,0,-0.034483,0,-0.034483,0,-0.034483,0,-0.034483,0,-0.034483,0,-0.034483,0,-0.034483,0,-0.034483,0,-0.034483,0,-0.034483,0,-0.034483,0,-0.034483,0,-0.034483,0,-0.034483,0,-0.034483,0,-0.034483,0,-0.034483,0,-0.034483,0,-0.034483,0,-0.034483,0,-0.034483,0,-0.034483,0,-0.034483,0,0.965517,0
(297;248),-0.034483,0,-0.034483,0,-0.034483,0,-0.034483,0,-0.034483,0,-0.034483,0,-0.034483,0,-0.034483,0,-0.034483,0,-0.034483,0,-0.034483,0,-0.034483,0,-0.034483,0,-0.034483,0,0.965517,0,-0.034483,0,-0.034483,0,-0.034483,0,-0.034483,0,-0.034483,0,-0.034483,0,-0.034483,0,-0.034483,0,-0.034483,0,-0.034483,0,-0.034483,0,-0.034483,0,-0.034483,0,-0.034483,0
(295;250),-0.034483,0,-0.034483,0,-0.034483,0,-0.034483,0,-0.034483,0,-0.034483,0,-0.034483,0,-0.034483,0,-0.034483,0,-0.034483,0,-0.034483,0,-0.034483,0,-0.034483,0,-0.034483,0,-0.034483,0,-0.034483,0,-0.034483,0,-0.034483,0,0.965517,0,-0.034483,0,-0.034483,0,-0.034483,0,-0.034483,0,-0.034483,0,-0.034483,0,-0.034483,0,-0.034483,0,-0.034483,0,-0.034483,0
(220;364),-0.034483,0,-0.034483,0,-0.034483,0,-0.034483,0,-0.034483,0,-0.034483,0,-0.034483,0,-0.034483,0,-0.034483,0,-0.034483,0,-0.034483,0,-0.034483,0,-0.034483,0,-0.034483,0,-0.034483,0,-0.034483,0,-0.034483,0,-0.034483,0,-0.034483,0,0.965517,0,-0.034483,0,-0.034483,0,-0.034483,0,-0.034483,0,-0.034483,0,-0.034483,0,-0.034483,0,-0.034483,0,-0.034483,0
(300;84),-0.034483,-0.034483,-0.034483,-0.034483,-0.034483,-0.034483,-0.034483,-0.034483,-0.034483,-0.034483,-0.034483,-0.034483,-0.034483,-0.034483,-0.034483,-0.034483,-0.034483,-0.034483,-0.034483,-0.034483,-0.034483,-0.034483,-0.034483,-0.034483,0.965517,0.965517,-0.034483,-0.034483,-0.034483,-0.034483,-0.034483,-0.034483,-0.034483,-0.034483,-0.034483,-0.034483,-0.034483,-0.034483,-0.034483,-0.034483,-0.034483,-0.034483,-0.034483,-0.034483,-0.034483,-0.034483,-0.034483,-0.034483,-0.034483,-0.034483,-0.034483,-0.034483,-0.034483,-0.034483,-0.034483,-0.034483,-0.034483,-0.034483
(273;269),-0.068966,0,-0.068966,0,-0.068966,0,-0.068966,0,-0.068966,0,-0.068966,0,-0.068966,0,-0.068966,0,-0.068966,0,-0.068966,0,-0.068966,0,-0.068966,0,-0.068966,0,-0.068966,0,0.931034,0,-0.068966,0,-0.068966,0,-0.068966,0,0.931034,0,-0.068966,0,-0.068966,0,-0.068966,0,-0.068966,0,-0.068966,0,-0.068966,0,-0.068966,0,-0.068966,0,-0.068966,0,-0.068966,0
(230;428),-0.034483,0,-0.034483,0,-0.034483,0,-0.034483,0,-0.034483,0,-0.034483,0,-0.034483,0,-0.034483,0,-0.034483,0,-0.034483,0,-0.034483,0,-0.034483,0,-0.034483,0,-0.034483,0,-0.034483,0,-0.034483,0,-0.034483,0,-0.034483,0,-0.034483,0,-0.034483,0,-0.034483,0,-0.034483,0,-0.034483,0,-0.034483,0,-0.034483,0,0.965517,0,-0.034483,0,-0.034483,0,-0.034483,0
(294;248),-0.034483,0,-0.034483,0,-0.034483,0,-0.034483,0,-0.034483,0,-0.034483,0,-0.034483,0,-0.034483,0,-0.034483,0,-0.034483,0,-0.034483,0,-0.034483,0,-0.034483,0,-0.034483,0,-0.034483,0,0.965517,0,-0.034483,0,-0.034483,0,-0.034483,0,-0.034483,0,-0.034483,0,-0.034483,0,-0.034483,0,-0.034483,0,-0.034483,0,-0.034483,0,-0.034483,0,-0.034483,0,-0.034483,0
(297;276),-0.034483,0,-0.034483,0,-0.034483,0,-0.034483,0,-0.034483,0,-0.034483,0,-0.034483,0,-0.034483,0,-0.034483,0,-0.034483,0,-0.034483,0,-0.034483,0,-0.034483,0,-0.034483,0,-0.034483,0,-0.034483,0,-0.034483,0,-0.034483,0,-0.034483,0,0.965517,0,-0.034483,0,-0.034483,0,-0.034483,0,-0.034483,0,-0.034483,0,-0.034483,0,-0.034483,0,-0.034483,0,-0.034483,0
(283;256),-0.034483,0,-0.034483,0,-0.034483,0,-0.034483,0,-0.034483,0,-0.034483,0,-0.034483,0,-0.034483,0,-0.034483,0,-0.034483,0,-0.034483,0,-0.034483,0,0.965517,0,-0.034483,0,-0.034483,0,-0.034483,0,-0.034483,0,-0.034483,0,-0.034483,0,-0.034483,0,-0.034483,0,-0.034483,0,-0.034483,0,-0.034483,0,-0.034483,0,-0.034483,0,-0.034483,0,-0.034483,0,-0.034483,0
(296;227),-0.034483,0,-0.034483,0,-0.034483,0,-0.034483,0,-0.034483,0,-0.034483,0,-0.034483,0,-0.034483,0,-0.034483,0,-0.034483,0,-0.034483,0,-0.034483,0,-0.034483,0,-0.034483,0,0.965517,0,-0.034483,0,-0.034483,0,-0.034483,0,-0.034483,0,-0.034483,0,-0.034483,0,-0.034483,0,-0.034483,0,-0.034483,0,-0.034483,0,-0.034483,0,-0.034483,0,-0.034483,0,-0.034483,0
(259;236),-0.034483,0,-0.034483,0,-0.034483,0,-0.034483,0,-0.034483,0,-0.034483,0,-0.034483,0,-0.034483,0,-0.034483,0,-0.034483,0,-0.034483,0,-0.034483,0,-0.034483,0,0.965517,0,-0.034483,0,-0.034483,0,-0.034483,0,-0.034483,0,-0.034483,0,-0.034483,0,-0.034483,0,-0.034483,0,-0.034483,0,-0.034483,0,-0.034483,0,-0.034483,0,-0.034483,0,-0.034483,0,-0.034483,0
(200;355),-0.034483,-0.034483,-0.034483,-0.034483,-0.034483,-0.034483,-0.034483,-0.034483,-0.034483,-0.034483,-0.034483,-0.034483,-0.034483,-0.034483,-0.034483,-0.034483,-0.034483,-0.034483,-0.034483,-0.034483,-0.034483,-0.034483,-0.034483,-0.034483,-0.034483,-0.034483,-0.034483,-0.034483,0.965517,-0.034483,-0.034483,-0.034483,-0.034483,-0.034483,-0.034483,-0.034483,-0.034483,-0.034483,-0.034483,0.965517,-0.034483,-0.034483,-0.034483,-0.034483,-0.034483,-0.034483,-0.034483,-0.034483,-0.034483,-0.034483,-0.034483,-0.034483,-0.034483,-0.034483,-0.034483,-0.034483,-0.034483,-0.034483
(284;254),-0.034483,-0.068966,-0.034483,-0.068966,-0.034483,-0.068966,-0.034483,-0.068966,-0.034483,-0.068966,-0.034483,-0.068966,-0.034483,-0.068966,-0.034483,-0.068966,-0.034483,-0.068966,-0.034483,-0.068966,-0.034483,-0.068966,-0.034483,-0.068966,-0.034483,1.931034,-0.034483,-0.068966,-0.034483,-0.068966,0.965517,-0.068966,-0.034483,-0.068966,-0.034483,-0.068966,-0.034483,-0.068966,-0.034483,-0.068966,-0.034483,-0.068966,-0.034483,-0.068966,-0.034483,-0.068966,-0.034483,-0.068966,-0.034483,-0.068966,-0.034483,-0.068966,-0.034483,-0.068966,-0.034483,-0.068966,-0.034483,-0.068966
(224;431),-0.034483,-0.068966,-0.034483,-0.068966,-0.034483,-0.068966,-0.034483,-0.068966,-0.034483,-0.068966,-0.034483,-0.068966,-0.034483,-0.068966,-0.034483,-0.068966,-0.034483,-0.068966,-0.034483,-0.068966,-0.034483,-0.068966,-0.034483,-0.068966,-0.034483,-0.068966,0.965517,0.931034,-0.034483,-0.068966,-0.034483,0.931034,-0.034483,-0.068966,-0.034483,-0.068966,-0.034483,-0.068966,-0.034483,-0.068966,-0.034483,-0.068966,-0.034483,-0.068966,-0.034483,-0.068966,-0.034483,-0.068966,-0.034483,-0.068966,-0.034483,-0.068966,-0.034483,-0.068966,-0.034483,-0.068966,-0.034483,-0.068966
(295;218),-0.034483,0,-0.034483,0,-0.034483,0,-0.034483,0,-0.034483,0,-0.034483,0,-0.034483,0,-0.034483,0,-0.034483,0,-0.034483,0,-0.034483,0,-0.034483,0,-0.034483,0,0.965517,0,-0.034483,0,-0.034483,0,-0.034483,0,-0.034483,0,-0.034483,0,-0.034483,0,-0.034483,0,-0.034483,0,-0.034483,0,-0.034483,0,-0.034483,0,-0.034483,0,-0.034483,0,-0.034483,0,-0.034483,0
(416;281),-0.034483,0,-0.034483,0,-0.034483,0,-0.034483,0,-0.034483,0,-0.034483,0,-0.034483,0,-0.034483,0,-0.034483,0,-0.034483,0,-0.034483,0,-0.034483,0,-0.034483,0,-0.034483,0,-0.034483,0,-0.034483,0,-0.034483,0,-0.034483,0,-0.034483,0,-0.034483,0,-0.034483,0,-0.034483,0,0.965517,0,-0.034483,0,-0.034483,0,-0.034483,0,-0.034483,0,-0.034483,0,-0.034483,0
(305;85),-0.034483,0,-0.034483,0,-0.034483,0,-0.034483,0,-0.034483,0,-0.034483,0,0.965517,0,-0.034483,0,-0.034483,0,-0.034483,0,-0.034483,0,-0.034483,0,-0.034483,0,-0.034483,0,-0.034483,0,-0.034483,0,-0.034483,0,-0.034483,0,-0.034483,0,-0.034483,0,-0.034483,0,-0.034483,0,-0.034483,0,-0.034483,0,-0.034483,0,-0.034483,0,-0.034483,0,-0.034483,0,-0.034483,0
(279;246),-0.034483,0,-0.034483,0,-0.034483,0,-0.034483,0,-0.034483,0,-0.034483,0,-0.034483,0,-0.034483,0,-0.034483,0,-0.034483,0,-0.034483,0,-0.034483,0,-0.034483,0,0.965517,0,-0.034483,0,-0.034483,0,-0.034483,0,-0.034483,0,-0.034483,0,-0.034483,0,-0.034483,0,-0.034483,0,-0.034483,0,-0.034483,0,-0.034483,0,-0.034483,0,-0.034483,0,-0.034483,0,-0.034483,0
(277;255),-0.034483,0,-0.034483,0,-0.034483,0,-0.034483,0,-0.034483,0,-0.034483,0,-0.034483,0,-0.034483,0,-0.034483,0,-0.034483,0,-0.034483,0,-0.034483,0,-0.034483,0,-0.034483,0,-0.034483,0,-0.034483,0,-0.034483,0,-0.034483,0,-0.034483,0,-0.034483,0,-0.034483,0,-0.034483,0,0.965517,0,-0.034483,0,-0.034483,0,-0.034483,0,-0.034483,0,-0.034483,0,-0.034483,0
(299;353),0,-0.034483,0,-0.034483,0,-0.034483,0,-0.034483,0,-0.034483,0,-0.034483,0,-0.034483,0,-0.034483,0,-0.034483,0,-0.034483,0,-0.034483,0,-0.034483,0,-0.034483,0,-0.034483,0,0.965517,0,-0.034483,0,-0.034483,0,-0.034483,0,-0.034483,0,-0.034483,0,-0.034483,0,-0.034483,0,-0.034483,0,-0.034483,0,-0.034483,0,-0.034483,0,-0.034483,0,-0.034483,0,-0.034483
(305;380),0,-0.034483,0,-0.034483,0,-0.034483,0,-0.034483,0,-0.034483,0,-0.034483,0,-0.034483,0,-0.034483,0,-0.034483,0,-0.034483,0,-0.034483,0,-0.034483,0,-0.034483,0,-0.034483,0,-0.034483,0,-0.034483,0,-0.034483,0,-0.034483,0,-0.034483,0,-0.034483,0,-0.034483,0,-0.034483,0,-0.034483,0,-0.034483,0,-0.034483,0,-0.034483,0,-0.034483,0,0.965517,0,-0.034483
(412;246),0,-0.137931,0,-0.137931,0,-0.137931,0,-0.137931,0,-0.137931,0,-0.137931,0,-0.137931,0,-0.137931,0,-0.137931,0,-0.137931,0,-0.137931,0,-0.137931,0,0.862069,0,-0.137931,0,0.862069,0,-0.137931,0,-0.137931,0,-0.137931,0,0.862069,0,0.862069,0,-0.137931,0,-0.137931,0,-0.137931,0,-0.137931,0,-0.137931,0,-0.137931,0,-0.137931,0,-0.137931,0,-0.137931
(284;283),0,-0.034483,0,-0.034483,0,-0.034483,0,-0.034483,0,-0.034483,0,-0.034483,0,-0.034483,0,-0.034483,0,-0.034483,0,-0.034483,0,-0.034483,0,-0.034483,0,-0.034483,0,-0.034483,0,0.965517,0,-0.034483,0,-0.034483,0,-0.034483,0,-0.034483,0,-0.034483,0,-0.034483,0,-0.034483,0,-0.034483,0,-0.034483,0,-0.034483,0,-0.034483,0,-0.034483,0,-0.034483,0,-0.034483
(317;310),0,-0.034483,0,-0.034483,0,-0.034483,0,-0.034483,0,-0.034483,0,-0.034483,0,-0.034483,0,-0.034483,0,-0.034483,0,-0.034483,0,-0.034483,0,-0.034483,0,-0.034483,0,-0.034483,0,0.965517,0,-0.034483,0,-0.034483,0,-0.034483,0,-0.034483,0,-0.034483,0,-0.034483,0,-0.034483,0,-0.034483,0,-0.034483,0,-0.034483,0,-0.034483,0,-0.034483,0,-0.034483,0,-0.034483
(296;282),0,-0.034483,0,-0.034483,0,-0.034483,0,-0.034483,0,-0.034483,0,-0.034483,0,-0.034483,0,-0.034483,0,-0.034483,0,-0.034483,0,-0.034483,0,-0.034483,0,-0.034483,0,-0.034483,0,0.965517,0,-0.034483,0,-0.034483,0,-0.034483,0,-0.034483,0,-0.034483,0,-0.034483,0,-0.034483,0,-0.034483,0,-0.034483,0,-0.034483,0,-0.034483,0,-0.034483,0,-0.034483,0,-0.034483
(216;361),0,-0.034483,0,-0.034483,0,-0.034483,0,-0.034483,0,-0.034483,0,-0.034483,0,-0.034483,0,-0.034483,0,-0.034483,0,-0.034483,0,-0.034483,0,-0.034483,0,-0.034483,0,-0.034483,0,-0.034483,0,-0.034483,0,-0.034483,0,-0.034483,0,-0.034483,0,0.965517,0,-0.034483,0,-0.034483,0,-0.034483,0,-0.034483,0,-0.034483,0,-0.034483,0,-0.034483,0,-0.034483,0,-0.034483
(302;248),0,-0.034483,0,-0.034483,0,-0.034483,0,-0.034483,0,-0.034483,0,-0.034483,0,-0.034483,0,-0.034483,0,-0.034483,0,-0.034483,0,-0.034483,0,-0.034483,0,0.965517,0,-0.034483,0,-0.034483,0,-0.034483,0,-0.034483,0,-0.034483,0,-0.034483,0,-0.034483,0,-0.034483,0,-0.034483,0,-0.034483,0,-0.034483,0,-0.034483,0,-0.034483,0,-0.034483,0,-0.034483,0,-0.034483
(223;233),0,0.965517,0,-0.034483,0,-0.034483,0,-0.034483,0,-0.034483,0,-0.034483,0,-0.034483,0,-0.034483,0,-0.034483,0,-0.034483,0,-0.034483,0,-0.034483,0,-0.034483,0,-0.034483,0,-0.034483,0,-0.034483,0,-0.034483,0,-0.034483,0,-0.034483,0,-0.034483,0,-0.034483,0,-0.034483,0,-0.034483,0,-0.034483,0,-0.034483,0,-0.034483,0,-0.034483,0,-0.034483,0,-0.034483
(297;420),0,-0.034483,0,-0.034483,0,-0.034483,0,-0.034483,0,-0.034483,0,-0.034483,0,-0.034483,0,-0.034483,0,-0.034483,0,-0.034483,0,-0.034483,0,-0.034483,0,-0.034483,0,-0.034483,0,-0.034483,0,-0.034483,0,-0.034483,0,-0.034483,0,-0.034483,0,0.965517,0,-0.034483,0,-0.034483,0,-0.034483,0,-0.034483,0,-0.034483,0,-0.034483,0,-0.034483,0,-0.034483,0,-0.034483
(312;401),0,-0.034483,0,-0.034483,0,-0.034483,0,-0.034483,0,-0.034483,0,-0.034483,0,-0.034483,0,-0.034483,0,-0.034483,0,-0.034483,0,-0.034483,0,-0.034483,0,-0.034483,0,-0.034483,0,-0.034483,0,-0.034483,0,-0.034483,0,-0.034483,0,-0.034483,0,-0.034483,0,-0.034483,0,-0.034483,0,-0.034483,0,-0.034483,0,-0.034483,0,-0.034483,0,-0.034483,0,0.965517,0,-0.034483
(412;245),0,-0.034483,0,-0.034483,0,-0.034483,0,-0.034483,0,-0.034483,0,-0.034483,0,-0.034483,0,-0.034483,0,-0.034483,0,-0.034483,0,-0.034483,0,-0.034483,0,-0.034483,0,-0.034483,0,-0.034483,0,-0.034483,0,-0.034483,0,-0.034483,0,-0.034483,0,0.965517,0,-0.034483,0,-0.034483,0,-0.034483,0,-0.034483,0,-0.034483,0,-0.034483,0,-0.034483,0,-0.034483,0,-0.034483
(304;421),0,-0.034483,0,-0.034483,0,-0.034483,0,-0.034483,0,-0.034483,0,-0.034483,0,-0.034483,0,-0.034483,0,-0.034483,0,-0.034483,0,-0.034483,0,-0.034483,0,-0.034483,0,0.965517,0,-0.034483,0,-0.034483,0,-0.034483,0,-0.034483,0,-0.034483,0,-0.034483,0,-0.034483,0,-0.034483,0,-0.034483,0,-0.034483,0,-0.034483,0,-0.034483,0,-0.034483,0,-0.034483,0,-0.034483
(411;244),0,-0.103448,0,-0.103448,0,-0.103448,0,-0.103448,0,-0.103448,0,-0.103448,0,-0.103448,0,-0.103448,0,-0.103448,0,-0.103448,0,-0.103448,0,-0.103448,0,-0.103448,0,-0.103448,0,-0.103448,0,-0.103448,0,-0.103448,0,0.896552,0,-0.103448,0,0.896552,0,-0.103448,0,-0.103448,0,0.896552,0,-0.103448,0,-0.103448,0,-0.103448,0,-0.103448,0,-0.103448,0,-0.103448
(296;281),0,-0.068966,0,-0.068966,0,-0.068966,0,-0.068966,0,-0.068966,0,-0.068966,0,-0.068966,0,-0.068966,0,-0.068966,0,-0.068966,0,-0.068966,0,-0.068966,0,-0.068966,0,0.931034,0,0.931034,0,-0.068966,0,-0.068966,0,-0.068966,0,-0.068966,0,-0.068966,0,-0.068966,0,-0.068966,0,-0.068966,0,-0.068966,0,-0.068966,0,-0.068966,0,-0.068966,0,-0.068966,0,-0.068966
(196;174),0,-0.068966,0,-0.068966,0,-0.068966,0,-0.068966,0,-0.068966,0,-0.068966,0,-0.068966,0,-0.068966,0,-0.068966,0,-0.068966,0,-0.068966,0,-0.068966,0,-0.068966,0,-0.068966,0,-0.068966,0,-0.068966,0,-0.068966,0,0.931034,0,-0.068966,0,0.931034,0,-0.068966,0,-0.068966,0,-0.068966,0,-0.068966,0,-0.068966,0,-0.068966,0,-0.068966,0,-0.068966,0,-0.068966
(282;249),0,-0.034483,0,-0.034483,0,-0.034483,0,-0.034483,0,-0.034483,0,-0.034483,0,-0.034483,0,-0.034483,0,-0.034483,0,-0.034483,0,-0.034483,0,-0.034483,0,-0.034483,0,0.965517,0,-0.034483,0,-0.034483,0,-0.034483,0,-0.034483,0,-0.034483,0,-0.034483,0,-0.034483,0,-0.034483,0,-0.034483,0,-0.034483,0,-0.034483,0,-0.034483,0,-0.034483,0,-0.034483,0,-0.034483
(413;247),0,-0.034483,0,-0.034483,0,-0.034483,0,-0.034483,0,-0.034483,0,-0.034483,0,-0.034483,0,-0.034483,0,-0.034483,0,-0.034483,0,-0.034483,0,-0.034483,0,-0.034483,0,-0.034483,0,-0.034483,0,-0.034483,0,-0.034483,0,-0.034483,0,-0.034483,0,-0.034483,0,-0.034483,0,-0.034483,0,-0.034483,0,0.965517,0,-0.034483,0,-0.034483,0,-0.034483,0,-0.034483,0,-0.034483
(279;369),0,-0.068966,0,-0.068966,0,-0.068966,0,-0.068966,0,-0.068966,0,-0.068966,0,-0.068966,0,-0.068966,0,-0.068966,0,-0.068966,0,-0.068966,0,-0.068966,0,-0.068966,0,-0.068966,0,-0.068966,0,-0.068966,0,0.931034,0,-0.068966,0,-0.068966,0,-0.068966,0,-0.068966,0,-0.068966,0,-0.068966,0,-0.068966,0,0.931034,0,-0.068966,0,-0.068966,0,-0.068966,0,-0.068966
(274;269),0,-0.103448,0,-0.103448,0,-0.103448,0,-0.103448,0,-0.103448,0,-0.103448,0,-0.103448,0,-0.103448,0,-0.103448,0,-0.103448,0,-0.103448,0,-0.103448,0,-0.103448,0,-0.103448,0,-0.103448,0,-0.103448,0,-0.103448,0,-0.103448,0,-0.103448,0,-0.103448,0,-0.103448,0,-0.103448,0,-0.103448,0,-0.103448,0,-0.103448,0,-0.103448,0,-0.103448,0,-0.103448,0,2.896552
(203;373),0,-0.034483,0,-0.034483,0,-0.034483,0,-0.034483,0,-0.034483,0,-0.034483,0,-0.034483,0,-0.034483,0,-0.034483,0,-0.034483,0,-0.034483,0,-0.034483,0,-0.034483,0,0.965517,0,-0.034483,0,-0.034483,0,-0.034483,0,-0.034483,0,-0.034483,0,-0.034483,0,-0.034483,0,-0.034483,0,-0.034483,0,-0.034483,0,-0.034483,0,-0.034483,0,-0.034483,0,-0.034483,0,-0.034483
(277;253),0,-0.034483,0,-0.034483,0,-0.034483,0,0.965517,0,-0.034483,0,-0.034483,0,-0.034483,0,-0.034483,0,-0.034483,0,-0.034483,0,-0.034483,0,-0.034483,0,-0.034483,0,-0.034483,0,-0.034483,0,-0.034483,0,-0.034483,0,-0.034483,0,-0.034483,0,-0.034483,0,-0.034483,0,-0.034483,0,-0.034483,0,-0.034483,0,-0.034483,0,-0.034483,0,-0.034483,0,-0.034483,0,-0.034483
(286;413),0,-0.034483,0,-0.034483,0,-0.034483,0,-0.034483,0,-0.034483,0,-0.034483,0,-0.034483,0,-0.034483,0,-0.034483,0,-0.034483,0,-0.034483,0,-0.034483,0,-0.034483,0,-0.034483,0,-0.034483,0,0.965517,0,-0.034483,0,-0.034483,0,-0.034483,0,-0.034483,0,-0.034483,0,-0.034483,0,-0.034483,0,-0.034483,0,-0.034483,0,-0.034483,0,-0.034483,0,-0.034483,0,-0.034483
(208;401),0,-0.034483,0,-0.034483,0,-0.034483,0,-0.034483,0,-0.034483,0,-0.034483,0,-0.034483,0,-0.034483,0,-0.034483,0,-0.034483,0,-0.034483,0,-0.034483,0,-0.034483,0,-0.034483,0,-0.034483,0,-0.034483,0,0.965517,0,-0.034483,0,-0.034483,0,-0.034483,0,-0.034483,0,-0.034483,0,-0.034483,0,-0.034483,0,-0.034483,0,-0.034483,0,-0.034483,0,-0.034483,0,-0.034483
(288;220),0,-0.034483,0,-0.034483,0,-0.034483,0,-0.034483,0,-0.034483,0,-0.034483,0,-0.034483,0,-0.034483,0,-0.034483,0,-0.034483,0,-0.034483,0,-0.034483,0,-0.034483,0,0.965517,0,-0.034483,0,-0.034483,0,-0.034483,0,-0.034483,0,-0.034483,0,-0.034483,0,-0.034483,0,-0.034483,0,-0.034483,0,-0.034483,0,-0.034483,0,-0.034483,0,-0.034483,0,-0.034483,0,-0.034483
(183;233),0,-0.068966,0,-0.068966,0,-0.068966,0,-0.068966,0,-0.068966,0,-0.068966,0,-0.068966,0,-0.068966,0,-0.068966,0,-0.068966,0,-0.068966,0,-0.068966,0,-0.068966,0,-0.068966,0,-0.068966,0,-0.068966,0,-0.068966,0,0.931034,0,0.931034,0,-0.068966,0,-0.068966,0,-0.068966,0,-0.068966,0,-0.068966,0,-0.068966,0,-0.068966,0,-0.068966,0,-0.068966,0,-0.068966
(286;251),0,-0.034483,0,-0.034483,0,-0.034483,0,-0.034483,0,-0.034483,0,-0.034483,0,-0.034483,0,-0.034483,0,-0.034483,0,-0.034483,0,-0.034483,0,-0.034483,0,-0.034483,0,0.965517,0,-0.034483,0,-0.034483,0,-0.034483,0,-0.034483,0,-0.034483,0,-0.034483,0,-0.034483,0,-0.034483,0,-0.034483,0,-0.034483,0,-0.034483,0,-0.034483,0,-0.034483,0,-0.034483,0,-0.034483
(223;250),0,-0.034483,0,-0.034483,0,-0.034483,0,-0.034483,0,-0.034483,0,-0.034483,0,-0.034483,0,-0.034483,0,-0.034483,0,-0.034483,0,-0.034483,0,-0.034483,0,-0.034483,0,0.965517,0,-0.034483,0,-0.034483,0,-0.034483,0,-0.034483,0,-0.034483,0,-0.034483,0,-0.034483,0,-0.034483,0,-0.034483,0,-0.034483,0,-0.034483,0,-0.034483,0,-0.034483,0,-0.034483,0,-0.034483
(288;228),0,-0.034483,0,-0.034483,0,-0.034483,0,-0.034483,0,-0.034483,0,-0.034483,0,-0.034483,0,-0.034483,0,-0.034483,0,-0.034483,0,-0.034483,0,-0.034483,0,-0.034483,0,-0.034483,0,-0.034483,0,-0.034483,0,-0.034483,0,0.965517,0,-0.034483,0,-0.034483,0,-0.034483,0,-0.034483,0,-0.034483,0,-0.034483,0,-0.034483,0,-0.034483,0,-0.034483,0,-0.034483,0,-0.034483
(301;226),0,-0.034483,0,-0.034483,0,-0.034483,0,-0.034483,0,-0.034483,0,-0.034483,0,-0.034483,0,-0.034483,0,-0.034483,0,-0.034483,0,-0.034483,0,-0.034483,0,0.965517,0,-0.034483,0,-0.034483,0,-0.034483,0,-0.034483,0,-0.034483,0,-0.034483,0,-0.034483,0,-0.034483,0,-0.034483,0,-0.034483,0,-0.034483,0,-0.034483,0,-0.034483,0,-0.034483,0,-0.034483,0,-0.034483
(231;411),0,-0.034483,0,-0.034483,0,-0.034483,0,-0.034483,0,-0.034483,0,-0.034483,0,-0.034483,0,-0.034483,0,-0.034483,0,-0.034483,0,-0.034483,0,-0.034483,0,-0.034483,0,-0.034483,0,-0.034483,0,-0.034483,0,-0.034483,0,-0.034483,0,-0.034483,0,-0.034483,0,-0.034483,0,-0.034483,0,-0.034483,0,-0.034483,0,-0.034483,0,0.965517,0,-0.034483,0,-0.034483,0,-0.034483
(237;378),0,-0.068966,0,-0.068966,0,-0.068966,0,-0.068966,0,-0.068966,0,-0.068966,0,-0.068966,0,-0.068966,0,-0.068966,0,-0.068966,0,-0.068966,0,-0.068966,0,-0.068966,0,-0.068966,0,-0.068966,0,-0.068966,0,-0.068966,0,1.931034,0,-0.068966,0,-0.068966,0,-0.068966,0,-0.068966,0,-0.068966,0,-0.068966,0,-0.068966,0,-0.068966,0,-0.068966,0,-0.068966,0,-0.068966
(316;313),0,-0.034483,0,-0.034483,0,-0.034483,0,-0.034483,0,-0.034483,0,-0.034483,0,-0.034483,0,-0.034483,0,-0.034483,0,-0.034483,0,-0.034483,0,-0.034483,0,-0.034483,0,-0.034483,0,-0.034483,0,0.965517,0,-0.034483,0,-0.034483,0,-0.034483,0,-0.034483,0,-0.034483,0,-0.034483,0,-0.034483,0,-0.034483,0,-0.034483,0,-0.034483,0,-0.034483,0,-0.034483,0,-0.034483
(303;79),0,-0.034483,0,-0.034483,0,-0.034483,0,-0.034483,0,-0.034483,0,-0.034483,0,0.965517,0,-0.034483,0,-0.034483,0,-0.034483,0,-0.034483,0,-0.034483,0,-0.034483,0,-0.034483,0,-0.034483,0,-0.034483,0,-0.034483,0,-0.034483,0,-0.034483,0,-0.034483,0,-0.034483,0,-0.034483,0,-0.034483,0,-0.034483,0,-0.034483,0,-0.034483,0,-0.034483,0,-0.034483,0,-0.034483
(291;228),0,-0.034483,0,-0.034483,0,-0.034483,0,-0.034483,0,-0.034483,0,-0.034483,0,-0.034483,0,-0.034483,0,-0.034483,0,-0.034483,0,-0.034483,0,-0.034483,0,-0.034483,0,-0.034483,0,0.965517,0,-0.034483,0,-0.034483,0,-0.034483,0,-0.034483,0,-0.034483,0,-0.034483,0,-0.034483,0,-0.034483,0,-0.034483,0,-0.034483,0,-0.034483,0,-0.034483,0,-0.034483,0,-0.034483
(222;432),0,-0.034483,0,-0.034483,0,-0.034483,0,-0.034483,0,-0.034483,0,-0.034483,0,-0.034483,0,-0.034483,0,-0.034483,0,-0.034483,0,-0.034483,0,-0.034483,0,-0.034483,0,-0.034483,0,-0.034483,0,-0.034483,0,-0.034483,0,-0.034483,0,-0.034483,0,0.965517,0,-0.034483,0,-0.034483,0,-0.034483,0,-0.034483,0,-0.034483,0,-0.034483,0,-0.034483,0,-0.034483,0,-0.034483
(412;247),0,-0.068966,0,-0.068966,0,-0.068966,0,-0.068966,0,-0.068966,0,-0.068966,0,-0.068966,0,-0.068966,0,-0.068966,0,-0.068966,0,-0.068966,0,-0.068966,0,-0.068966,0,-0.068966,0,-0.068966,0,-0.068966,0,0.931034,0,-0.068966,0,0.931034,0,-0.068966,0,-0.068966,0,-0.068966,0,-0.068966,0,-0.068966,0,-0.068966,0,-0.068966,0,-0.068966,0,-0.068966,0,-0.068966
(414;578),0,-0.034483,0,-0.034483,0,-0.034483,0,-0.034483,0,-0.034483,0,-0.034483,0,-0.034483,0,-0.034483,0,-0.034483,0,-0.034483,0,-0.034483,0,-0.034483,0,-0.034483,0,-0.034483,0,-0.034483,0,-0.034483,0,-0.034483,0,-0.034483,0,-0.034483,0,-0.034483,0,-0.034483,0,-0.034483,0,0.965517,0,-0.034483,0,-0.034483,0,-0.034483,0,-0.034483,0,-0.034483,0,-0.034483
(284;262),0,-0.068966,0,-0.068966,0,-0.068966,0,-0.068966,0,-0.068966,0,-0.068966,0,-0.068966,0,-0.068966,0,-0.068966,0,-0.068966,0,-0.068966,0,-0.068966,0,1.931034,0,-0.068966,0,-0.068966,0,-0.068966,0,-0.068966,0,-0.068966,0,-0.068966,0,-0.068966,0,-0.068966,0,-0.068966,0,-0.068966,0,-0.068966,0,-0.068966,0,-0.068966,0,-0.068966,0,-0.068966,0,-0.068966
(299;401),0,-0.103448,0,-0.103448,0,-0.103448,0,-0.103448,0,-0.103448,0,-0.103448,0,-0.103448,0,-0.103448,0,-0.103448,0,-0.103448,0,-0.103448,0,-0.103448,0,-0.103448,0,-0.103448,0,-0.103448,0,-0.103448,0,-0.103448,0,0.896552,0,-0.103448,0,-0.103448,0,-0.103448,0,-0.103448,0,-0.103448,0,-0.103448,0,-0.103448,0,-0.103448,0,-0.103448,0,1.896552,0,-0.103448
(224;233),0,0.965517,0,-0.034483,0,-0.034483,0,-0.034483,0,-0.034483,0,-0.034483,0,-0.034483,0,-0.034483,0,-0.034483,0,-0.034483,0,-0.034483,0,-0.034483,0,-0.034483,0,-0.034483,0,-0.034483,0,-0.034483,0,-0.034483,0,-0.034483,0,-0.034483,0,-0.034483,0,-0.034483,0,-0.034483,0,-0.034483,0,-0.034483,0,-0.034483,0,-0.034483,0,-0.034483,0,-0.034483,0,-0.034483
(139;459),0,-0.034483,0,-0.034483,0,-0.034483,0,-0.034483,0,-0.034483,0,-0.034483,0,-0.034483,0,-0.034483,0,-0.034483,0,-0.034483,0,-0.034483,0,-0.034483,0,-0.034483,0,-0.034483,0,0.965517,0,-0.034483,0,-0.034483,0,-0.034483,0,-0.034483,0,-0.034483,0,-0.034483,0,-0.034483,0,-0.034483,0,-0.034483,0,-0.034483,0,-0.034483,0,-0.034483,0,-0.034483,0,-0.034483
(240;378),0,-0.034483,0,-0.034483,0,-0.034483,0,-0.034483,0,-0.034483,0,-0.034483,0,-0.034483,0,-0.034483,0,-0.034483,0,-0.034483,0,-0.034483,0,-0.034483,0,-0.034483,0,-0.034483,0,-0.034483,0,0.965517,0,-0.034483,0,-0.034483,0,-0.034483,0,-0.034483,0,-0.034483,0,-0.034483,0,-0.034483,0,-0.034483,0,-0.034483,0,-0.034483,0,-0.034483,0,-0.034483,0,-0.034483
(196;273),0,-0.034483,0,-0.034483,0,-0.034483,0,-0.034483,0,-0.034483,0,-0.034483,0,-0.034483,0,-0.034483,0,-0.034483,0,-0.034483,0,-0.034483,0,-0.034483,0,-0.034483,0,-0.034483,0,-0.034483,0,-0.034483,0,-0.034483,0,-0.034483,0,-0.034483,0,0.965517,0,-0.034483,0,-0.034483,0,-0.034483,0,-0.034483,0,-0.034483,0,-0.034483,0,-0.034483,0,-0.034483,0,-0.034483
(258;235),0,-0.034483,0,-0.034483,0,-0.034483,0,-0.034483,0,-0.034483,0,-0.034483,0,-0.034483,0,-0.034483,0,-0.034483,0,-0.034483,0,-0.034483,0,-0.034483,0,-0.034483,0,0.965517,0,-0.034483,0,-0.034483,0,-0.034483,0,-0.034483,0,-0.034483,0,-0.034483,0,-0.034483,0,-0.034483,0,-0.034483,0,-0.034483,0,-0.034483,0,-0.034483,0,-0.034483,0,-0.034483,0,-0.034483
(316;314),0,-0.068966,0,-0.068966,0,-0.068966,0,-0.068966,0,-0.068966,0,-0.068966,0,-0.068966,0,-0.068966,0,-0.068966,0,-0.068966,0,-0.068966,0,-0.068966,0,-0.068966,0,-0.068966,0,0.931034,0,-0.068966,0,-0.068966,0,0.931034,0,-0.068966,0,-0.068966,0,-0.068966,0,-0.068966,0,-0.068966,0,-0.068966,0,-0.068966,0,-0.068966,0,-0.068966,0,-0.068966,0,-0.068966
(185;236),0,-0.034483,0,-0.034483,0,-0.034483,0,-0.034483,0,-0.034483,0,-0.034483,0,-0.034483,0,-0.034483,0,-0.034483,0,-0.034483,0,-0.034483,0,-0.034483,0,0.965517,0,-0.034483,0,-0.034483,0,-0.034483,0,-0.034483,0,-0.034483,0,-0.034483,0,-0.034483,0,-0.034483,0,-0.034483,0,-0.034483,0,-0.034483,0,-0.034483,0,-0.034483,0,-0.034483,0,-0.034483,0,-0.034483
(286;253),0,-0.103448,0,-0.103448,0,-0.103448,0,-0.103448,0,-0.103448,0,-0.103448,0,0.896552,0,-0.103448,0,-0.103448,0,-0.103448,0,-0.103448,0,-0.103448,0,-0.103448,0,-0.103448,0,-0.103448,0,1.896552,0,-0.103448,0,-0.103448,0,-0.103448,0,-0.103448,0,-0.103448,0,-0.103448,0,-0.103448,0,-0.103448,0,-0.103448,0,-0.103448,0,-0.103448,0,-0.103448,0,-0.103448
(230;417),0,-0.034483,0,-0.034483,0,-0.034483,0,-0.034483,0,-0.034483,0,-0.034483,0,-0.034483,0,-0.034483,0,-0.034483,0,-0.034483,0,-0.034483,0,-0.034483,0,-0.034483,0,-0.034483,0,-0.034483,0,-0.034483,0,-0.034483,0,0.965517,0,-0.034483,0,-0.034483,0,-0.034483,0,-0.034483,0,-0.034483,0,-0.034483,0,-0.034483,0,-0.034483,0,-0.034483,0,-0.034483,0,-0.034483
(230;336),0,-0.034483,0,-0.034483,0,-0.034483,0,-0.034483,0,-0.034483,0,-0.034483,0,-0.034483,0,-0.034483,0,-0.034483,0,-0.034483,0,-0.034483,0,-0.034483,0,-0.034483,0,-0.034483,0,-0.034483,0,-0.034483,0,-0.034483,0,-0.034483,0,-0.034483,0,-0.034483,0,-0.034483,0,-0.034483,0,-0.034483,0,-0.034483,0,-0.034483,0,-0.034483,0,-0.034483,0,-0.034483,0,0.965517
(276;162),0,-0.034483,0,-0.034483,0,-0.034483,0,-0.034483,0,-0.034483,0,-0.034483,0,-0.034483,0,-0.034483,0,-0.034483,0,-0.034483,0,-0.034483,0,-0.034483,0,-0.034483,0,-0.034483,0,-0.034483,0,-0.034483,0,-0.034483,0,-0.034483,0,0.965517,0,-0.034483,0,-0.034483,0,-0.034483,0,-0.034483,0,-0.034483,0,-0.034483,0,-0.034483,0,-0.034483,0,-0.034483,0,-0.034483
(228;555),0,-0.034483,0,-0.034483,0,-0.034483,0,-0.034483,0,-0.034483,0,-0.034483,0,-0.034483,0,-0.034483,0,-0.034483,0,-0.034483,0,-0.034483,0,-0.034483,0,-0.034483,0,-0.034483,0,-0.034483,0,-0.034483,0,-0.034483,0,-0.034483,0,-0.034483,0,0.965517,0,-0.034483,0,-0.034483,0,-0.034483,0,-0.034483,0,-0.034483,0,-0.034483,0,-0.034483,0,-0.034483,0,-0.034483
(255;236),0,-0.034483,0,-0.034483,0,-0.034483,0,-0.034483,0,-0.034483,0,-0.034483,0,-0.034483,0,-0.034483,0,-0.034483,0,-0.034483,0,-0.034483,0,-0.034483,0,0.965517,0,-0.034483,0,-0.034483,0,-0.034483,0,-0.034483,0,-0.034483,0,-0.034483,0,-0.034483,0,-0.034483,0,-0.034483,0,-0.034483,0,-0.034483,0,-0.034483,0,-0.034483,0,-0.034483,0,-0.034483,0,-0.034483
(50;329),0,-0.034483,0,-0.034483,0,-0.034483,0,-0.034483,0,-0.034483,0,-0.034483,0,-0.034483,0,-0.034483,0,-0.034483,0,-0.034483,0,-0.034483,0,-0.034483,0,-0.034483,0,-0.034483,0,-0.034483,0,-0.034483,0,-0.034483,0,0.965517,0,-0.034483,0,-0.034483,0,-0.034483,0,-0.034483,0,-0.034483,0,-0.034483,0,-0.034483,0,-0.034483,0,-0.034483,0,-0.034483,0,-0.034483
(262;417),0,-0.137931,0,-0.137931,0,-0.137931,0,-0.137931,0,-0.137931,0,-0.137931,0,-0.137931,0,-0.137931,0,-0.137931,0,-0.137931,0,-0.137931,0,-0.137931,0,3.862069,0,-0.137931,0,-0.137931,0,-0.137931,0,-0.137931,0,-0.137931,0,-0.137931,0,-0.137931,0,-0.137931,0,-0.137931,0,-0.137931,0,-0.137931,0,-0.137931,0,-0.137931,0,-0.137931,0,-0.137931,0,-0.137931
(304;211),0,-0.034483,0,-0.034483,0,-0.034483,0,-0.034483,0,-0.034483,0,-0.034483,0,-0.034483,0,-0.034483,0,-0.034483,0,-0.034483,0,-0.034483,0,-0.034483,0,-0.034483,0,-0.034483,0,0.965517,0,-0.034483,0,-0.034483,0,-0.034483,0,-0.034483,0,-0.034483,0,-0.034483,0,-0.034483,0,-0.034483,0,-0.034483,0,-0.034483,0,-0.034483,0,-0.034483,0,-0.034483,0,-0.034483
(304;247),0,-0.103448,0,-0.103448,0,-0.103448,0,-0.103448,0,-0.103448,0,-0.103448,0,-0.103448,0,-0.103448,0,-0.103448,0,-0.103448,0,-0.103448,0,-0.103448,0,-0.103448,0,-0.103448,0,-0.103448,0,2.896552,0,-0.103448,0,-0.103448,0,-0.103448,0,-0.103448,0,-0.103448,0,-0.103448,0,-0.103448,0,-0.103448,0,-0.103448,0,-0.103448,0,-0.103448,0,-0.103448,0,-0.103448
(273;267),0,-0.068966,0,-0.068966,0,-0.068966,0,-0.068966,0,-0.068966,0,0.931034,0,-0.068966,0,-0.068966,0,-0.068966,0,-0.068966,0,-0.068966,0,-0.068966,0,-0.068966,0,-0.068966,0,-0.068966,0,-0.068966,0,-0.068966,0,-0.068966,0,-0.068966,0,-0.068966,0,-0.068966,0,-0.068966,0,-0.068966,0,-0.068966,0,-0.068966,0,-0.068966,0,-0.068966,0,-0.068966,0,0.931034
(306;247),0,-0.034483,0,-0.034483,0,-0.034483,0,-0.034483,0,-0.034483,0,-0.034483,0,-0.034483,0,-0.034483,0,-0.034483,0,-0.034483,0,-0.034483,0,-0.034483,0,-0.034483,0,-0.034483,0,-0.034483,0,-0.034483,0,-0.034483,0,-0.034483,0,0.965517,0,-0.034483,0,-0.034483,0,-0.034483,0,-0.034483,0,-0.034483,0,-0.034483,0,-0.034483,0,-0.034483,0,-0.034483,0,-0.034483
(201;556),0,-0.034483,0,-0.034483,0,-0.034483,0,-0.034483,0,-0.034483,0,-0.034483,0,-0.034483,0,-0.034483,0,-0.034483,0,-0.034483,0,-0.034483,0,-0.034483,0,-0.034483,0,-0.034483,0,-0.034483,0,-0.034483,0,-0.034483,0,-0.034483,0,-0.034483,0,0.965517,0,-0.034483,0,-0.034483,0,-0.034483,0,-0.034483,0,-0.034483,0,-0.034483,0,-0.034483,0,-0.034483,0,-0.034483
(298;402),0,-0.034483,0,-0.034483,0,-0.034483,0,-0.034483,0,-0.034483,0,-0.034483,0,-0.034483,0,-0.034483,0,-0.034483,0,-0.034483,0,-0.034483,0,-0.034483,0,-0.034483,0,-0.034483,0,-0.034483,0,-0.034483,0,-0.034483,0,-0.034483,0,-0.034483,0,-0.034483,0,-0.034483,0,-0.034483,0,-0.034483,0,-0.034483,0,-0.034483,0,-0.034483,0,-0.034483,0,-0.034483,0,0.965517
(304;248),0,-0.034483,0,-0.034483,0,-0.034483,0,-0.034483,0,-0.034483,0,-0.034483,0,-0.034483,0,-0.034483,0,-0.034483,0,-0.034483,0,-0.034483,0,-0.034483,0,-0.034483,0,0.965517,0,-0.034483,0,-0.034483,0,-0.034483,0,-0.034483,0,-0.034483,0,-0.034483,0,-0.034483,0,-0.034483,0,-0.034483,0,-0.034483,0,-0.034483,0,-0.034483,0,-0.034483,0,-0.034483,0,-0.034483
(285;249),0,-0.034483,0,-0.034483,0,-0.034483,0,-0.034483,0,-0.034483,0,-0.034483,0,-0.034483,0,-0.034483,0,-0.034483,0,-0.034483,0,-0.034483,0,-0.034483,0,-0.034483,0,-0.034483,0,-0.034483,0,-0.034483,0,-0.034483,0,-0.034483,0,-0.034483,0,-0.034483,0,-0.034483,0,-0.034483,0,-0.034483,0,-0.034483,0,-0.034483,0,-0.034483,0,-0.034483,0,0.965517,0,-0.034483
(218;206),0,-0.034483,0,-0.034483,0,-0.034483,0,-0.034483,0,-0.034483,0,-0.034483,0,-0.034483,0,-0.034483,0,-0.034483,0,-0.034483,0,-0.034483,0,-0.034483,0,-0.034483,0,-0.034483,0,-0.034483,0,-0.034483,0,-0.034483,0,0.965517,0,-0.034483,0,-0.034483,0,-0.034483,0,-0.034483,0,-0.034483,0,-0.034483,0,-0.034483,0,-0.034483,0,-0.034483,0,-0.034483,0,-0.034483
(142;305),0,-0.034483,0,-0.034483,0,-0.034483,0,-0.034483,0,-0.034483,0,-0.034483,0,-0.034483,0,-0.034483,0,-0.034483,0,-0.034483,0,-0.034483,0,-0.034483,0,-0.034483,0,-0.034483,0,-0.034483,0,-0.034483,0,0.965517,0,-0.034483,0,-0.034483,0,-0.034483,0,-0.034483,0,-0.034483,0,-0.034483,0,-0.034483,0,-0.034483,0,-0.034483,0,-0.034483,0,-0.034483,0,-0.034483
(408;570),0,-0.034483,0,-0.034483,0,-0.034483,0,-0.034483,0,-0.034483,0,-0.034483,0,-0.034483,0,0.965517,0,-0.034483,0,-0.034483,0,-0.034483,0,-0.034483,0,-0.034483,0,-0.034483,0,-0.034483,0,-0.034483,0,-0.034483,0,-0.034483,0,-0.034483,0,-0.034483,0,-0.034483,0,-0.034483,0,-0.034483,0,-0.034483,0,-0.034483,0,-0.034483,0,-0.034483,0,-0.034483,0,-0.034483
(315;242),0,-0.034483,0,-0.034483,0,-0.034483,0,-0.034483,0,-0.034483,0,-0.034483,0,-0.034483,0,-0.034483,0,-0.034483,0,-0.034483,0,-0.034483,0,-0.034483,0,-0.034483,0,-0.034483,0,0.965517,0,-0.034483,0,-0.034483,0,-0.034483,0,-0.034483,0,-0.034483,0,-0.034483,0,-0.034483,0,-0.034483,0,-0.034483,0,-0.034483,0,-0.034483,0,-0.034483,0,-0.034483,0,-0.034483
(261;192),0,-0.034483,0,-0.034483,0,-0.034483,0,-0.034483,0,-0.034483,0,-0.034483,0,-0.034483,0,-0.034483,0,-0.034483,0,-0.034483,0,-0.034483,0,-0.034483,0,-0.034483,0,0.965517,0,-0.034483,0,-0.034483,0,-0.034483,0,-0.034483,0,-0.034483,0,-0.034483,0,-0.034483,0,-0.034483,0,-0.034483,0,-0.034483,0,-0.034483,0,-0.034483,0,-0.034483,0,-0.034483,0,-0.034483
(168;412),0,-0.034483,0,-0.034483,0,-0.034483,0,-0.034483,0,-0.034483,0,-0.034483,0,-0.034483,0,-0.034483,0,-0.034483,0,-0.034483,0,-0.034483,0,-0.034483,0,-0.034483,0,-0.034483,0,-0.034483,0,-0.034483,0,-0.034483,0,0.965517,0,-0.034483,0,-0.034483,0,-0.034483,0,-0.034483,0,-0.034483,0,-0.034483,0,-0.034483,0,-0.034483,0,-0.034483,0,-0.034483,0,-0.034483
(291;249),0,-0.034483,0,-0.034483,0,-0.034483,0,-0.034483,0,-0.034483,0,-0.034483,0,-0.034483,0,-0.034483,0,-0.034483,0,-0.034483,0,-0.034483,0,-0.034483,0,-0.034483,0,-0.034483,0,-0.034483,0,-0.034483,0,-0.034483,0,0.965517,0,-0.034483,0,-0.034483,0,-0.034483,0,-0.034483,0,-0.034483,0,-0.034483,0,-0.034483,0,-0.034483,0,-0.034483,0,-0.034483,0,-0.034483
(273;268),0,-0.034483,0,-0.034483,0,-0.034483,0,-0.034483,0,-0.034483,0,-0.034483,0,0.965517,0,-0.034483,0,-0.034483,0,-0.034483,0,-0.034483,0,-0.034483,0,-0.034483,0,-0.034483,0,-0.034483,0,-0.034483,0,-0.034483,0,-0.034483,0,-0.034483,0,-0.034483,0,-0.034483,0,-0.034483,0,-0.034483,0,-0.034483,0,-0.034483,0,-0.034483,0,-0.034483,0,-0.034483,0,-0.034483
(304;82),0,-0.034483,0,-0.034483,0,-0.034483,0,-0.034483,0,-0.034483,0,-0.034483,0,0.965517,0,-0.034483,0,-0.034483,0,-0.034483,0,-0.034483,0,-0.034483,0,-0.034483,0,-0.034483,0,-0.034483,0,-0.034483,0,-0.034483,0,-0.034483,0,-0.034483,0,-0.034483,0,-0.034483,0,-0.034483,0,-0.034483,0,-0.034483,0,-0.034483,0,-0.034483,0,-0.034483,0,-0.034483,0,-0.034483
(224;432),0,-0.103448,0,-0.103448,0,-0.103448,0,-0.103448,0,-0.103448,0,-0.103448,0,-0.103448,0,-0.103448,0,-0.103448,0,-0.103448,0,-0.103448,0,-0.103448,0,-0.103448,0,-0.103448,0,1.896552,0,-0.103448,0,-0.103448,0,-0.103448,0,-0.103448,0,-0.103448,0,-0.103448,0,-0.103448,0,-0.103448,0,-0.103448,0,-0.103448,0,-0.103448,0,-0.103448,0,-0.103448,0,0.896552
(277;238),0,-0.034483,0,-0.034483,0,-0.034483,0,-0.034483,0,-0.034483,0,-0.034483,0,-0.034483,0,-0.034483,0,-0.034483,0,-0.034483,0,-0.034483,0,-0.034483,0,-0.034483,0,-0.034483,0,0.965517,0,-0.034483,0,-0.034483,0,-0.034483,0,-0.034483,0,-0.034483,0,-0.034483,0,-0.034483,0,-0.034483,0,-0.034483,0,-0.034483,0,-0.034483,0,-0.034483,0,-0.034483,0,-0.034483
(280;364),0,-0.034483,0,-0.034483,0,-0.034483,0,-0.034483,0,-0.034483,0,-0.034483,0,-0.034483,0,-0.034483,0,-0.034483,0,-0.034483,0,-0.034483,0,-0.034483,0,-0.034483,0,-0.034483,0,-0.034483,0,-0.034483,0,-0.034483,0,-0.034483,0,-0.034483,0,-0.034483,0,-0.034483,0,-0.034483,0,-0.034483,0,-0.034483,0,0.965517,0,-0.034483,0,-0.034483,0,-0.034483,0,-0.034483
(195;421),0,-0.034483,0,-0.034483,0,-0.034483,0,-0.034483,0,-0.034483,0,-0.034483,0,-0.034483,0,-0.034483,0,-0.034483,0,-0.034483,0,-0.034483,0,-0.034483,0,0.965517,0,-0.034483,0,-0.034483,0,-0.034483,0,-0.034483,0,-0.034483,0,-0.034483,0,-0.034483,0,-0.034483,0,-0.034483,0,-0.034483,0,-0.034483,0,-0.034483,0,-0.034483,0,-0.034483,0,-0.034483,0,-0.034483
(285;355),0,-0.034483,0,-0.034483,0,-0.034483,0,-0.034483,0,-0.034483,0,-0.034483,0,-0.034483,0,-0.034483,0,-0.034483,0,-0.034483,0,-0.034483,0,-0.034483,0,-0.034483,0,-0.034483,0,-0.034483,0,-0.034483,0,-0.034483,0,-0.034483,0,-0.034483,0,0.965517,0,-0.034483,0,-0.034483,0,-0.034483,0,-0.034483,0,-0.034483,0,-0.034483,0,-0.034483,0,-0.034483,0,-0.034483
(300;289),0,-0.034483,0,-0.034483,0,-0.034483,0,-0.034483,0,-0.034483,0,-0.034483,0,-0.034483,0,-0.034483,0,-0.034483,0,-0.034483,0,-0.034483,0,-0.034483,0,-0.034483,0,-0.034483,0,0.965517,0,-0.034483,0,-0.034483,0,-0.034483,0,-0.034483,0,-0.034483,0,-0.034483,0,-0.034483,0,-0.034483,0,-0.034483,0,-0.034483,0,-0.034483,0,-0.034483,0,-0.034483,0,-0.034483
(301;86),0,-0.034483,0,-0.034483,0,-0.034483,0,-0.034483,0,-0.034483,0,-0.034483,0,-0.034483,0,-0.034483,0,-0.034483,0,-0.034483,0,-0.034483,0,-0.034483,0,0.965517,0,-0.034483,0,-0.034483,0,-0.034483,0,-0.034483,0,-0.034483,0,-0.034483,0,-0.034483,0,-0.034483,0,-0.034483,0,-0.034483,0,-0.034483,0,-0.034483,0,-0.034483,0,-0.034483,0,-0.034483,0,-0.034483
(296;364),0,-0.068966,0,-0.068966,0,-0.068966,0,-0.068966,0,-0.068966,0,-0.068966,0,-0.068966,0,-0.068966,0,-0.068966,0,-0.068966,0,-0.068966,0,-0.068966,0,-0.068966,0,-0.068966,0,-0.068966,0,1.931034,0,-0.068966,0,-0.068966,0,-0.068966,0,-0.068966,0,-0.068966,0,-0.068966,0,-0.068966,0,-0.068966,0,-0.068966,0,-0.068966,0,-0.068966,0,-0.068966,0,-0.068966
(146;275),0,-0.034483,0,-0.034483,0,-0.034483,0,-0.034483,0,-0.034483,0,-0.034483,0,-0.034483,0,-0.034483,0,-0.034483,0,-0.034483,0,-0.034483,0,-0.034483,0,-0.034483,0,-0.034483,0,-0.034483,0,-0.034483,0,-0.034483,0,-0.034483,0,-0.034483,0,0.965517,0,-0.034483,0,-0.034483,0,-0.034483,0,-0.034483,0,-0.034483,0,-0.034483,0,-0.034483,0,-0.034483,0,-0.034483
(293;227),0,-0.068966,0,-0.068966,0,-0.068966,0,-0.068966,0,-0.068966,0,-0.068966,0,-0.068966,0,-0.068966,0,-0.068966,0,-0.068966,0,-0.068966,0,-0.068966,0,0.931034,0,-0.068966,0,0.931034,0,-0.068966,0,-0.068966,0,-0.068966,0,-0.068966,0,-0.068966,0,-0.068966,0,-0.068966,0,-0.068966,0,-0.068966,0,-0.068966,0,-0.068966,0,-0.068966,0,-0.068966,0,-0.068966
(244;412),0,-0.034483,0,-0.034483,0,-0.034483,0,-0.034483,0,-0.034483,0,-0.034483,0,-0.034483,0,-0.034483,0,-0.034483,0,-0.034483,0,-0.034483,0,-0.034483,0,-0.034483,0,-0.034483,0,-0.034483,0,-0.034483,0,-0.034483,0,0.965517,0,-0.034483,0,-0.034483,0,-0.034483,0,-0.034483,0,-0.034483,0,-0.034483,0,-0.034483,0,-0.034483,0,-0.034483,0,-0.034483,0,-0.034483
(148;514),0,-0.034483,0,-0.034483,0,-0.034483,0,-0.034483,0,-0.034483,0,-0.034483,0,-0.034483,0,-0.034483,0,-0.034483,0,-0.034483,0,-0.034483,0,-0.034483,0,-0.034483,0,-0.034483,0,-0.034483,0,-0.034483,0,-0.034483,0,0.965517,0,-0.034483,0,-0.034483,0,-0.034483,0,-0.034483,0,-0.034483,0,-0.034483,0,-0.034483,0,-0.034483,0,-0.034483,0,-0.034483,0,-0.034483
(194;367),0,-0.034483,0,-0.034483,0,-0.034483,0,-0.034483,0,-0.034483,0,-0.034483,0,-0.034483,0,-0.034483,0,-0.034483,0,-0.034483,0,-0.034483,0,-0.034483,0,-0.034483,0,0.965517,0,-0.034483,0,-0.034483,0,-0.034483,0,-0.034483,0,-0.034483,0,-0.034483,0,-0.034483,0,-0.034483,0,-0.034483,0,-0.034483,0,-0.034483,0,-0.034483,0,-0.034483,0,-0.034483,0,-0.034483
(314;313),0,-0.068966,0,-0.068966,0,-0.068966,0,-0.068966,0,-0.068966,0,-0.068966,0,-0.068966,0,-0.068966,0,-0.068966,0,-0.068966,0,-0.068966,0,-0.068966,0,-0.068966,0,-0.068966,0,0.931034,0,0.931034,0,-0.068966,0,-0.068966,0,-0.068966,0,-0.068966,0,-0.068966,0,-0.068966,0,-0.068966,0,-0.068966,0,-0.068966,0,-0.068966,0,-0.068966,0,-0.068966,0,-0.068966
(297;280),0,-0.068966,0,-0.068966,0,-0.068966,0,-0.068966,0,-0.068966,0,-0.068966,0,-0.068966,0,-0.068966,0,-0.068966,0,-0.068966,0,-0.068966,0,-0.068966,0,-0.068966,0,-0.068966,0,1.931034,0,-0.068966,0,-0.068966,0,-0.068966,0,-0.068966,0,-0.068966,0,-0.068966,0,-0.068966,0,-0.068966,0,-0.068966,0,-0.068966,0,-0.068966,0,-0.068966,0,-0.068966,0,-0.068966
(242;220),0,-0.034483,0,-0.034483,0,-0.034483,0,-0.034483,0,-0.034483,0,-0.034483,0,-0.034483,0,-0.034483,0,-0.034483,0,-0.034483,0,-0.034483,0,-0.034483,0,0.965517,0,-0.034483,0,-0.034483,0,-0.034483,0,-0.034483,0,-0.034483,0,-0.034483,0,-0.034483,0,-0.034483,0,-0.034483,0,-0.034483,0,-0.034483,0,-0.034483,0,-0.034483,0,-0.034483,0,-0.034483,0,-0.034483
(227;431),0,-0.034483,0,-0.034483,0,-0.034483,0,-0.034483,0,-0.034483,0,-0.034483,0,-0.034483,0,-0.034483,0,-0.034483,0,-0.034483,0,-0.034483,0,-0.034483,0,-0.034483,0,-0.034483,0,-0.034483,0,-0.034483,0,-0.034483,0,-0.034483,0,-0.034483,0,-0.034483,0,-0.034483,0,-0.034483,0,-0.034483,0,-0.034483,0,-0.034483,0,-0.034483,0,-0.034483,0,0.965517,0,-0.034483
(300;292),0,-0.034483,0,-0.034483,0,-0.034483,0,-0.034483,0,-0.034483,0,-0.034483,0,-0.034483,0,-0.034483,0,-0.034483,0,-0.034483,0,-0.034483,0,-0.034483,0,-0.034483,0,-0.034483,0,0.965517,0,-0.034483,0,-0.034483,0,-0.034483,0,-0.034483,0,-0.034483,0,-0.034483,0,-0.034483,0,-0.034483,0,-0.034483,0,-0.034483,0,-0.034483,0,-0.034483,0,-0.034483,0,-0.034483
(303;248),0,-0.034483,0,-0.034483,0,-0.034483,0,-0.034483,0,-0.034483,0,-0.034483,0,-0.034483,0,-0.034483,0,0.965517,0,-0.034483,0,-0.034483,0,-0.034483,0,-0.034483,0,-0.034483,0,-0.034483,0,-0.034483,0,-0.034483,0,-0.034483,0,-0.034483,0,-0.034483,0,-0.034483,0,-0.034483,0,-0.034483,0,-0.034483,0,-0.034483,0,-0.034483,0,-0.034483,0,-0.034483,0,-0.034483
(166;176),0,-0.034483,0,-0.034483,0,-0.034483,0,-0.034483,0,-0.034483,0,-0.034483,0,-0.034483,0,-0.034483,0,-0.034483,0,-0.034483,0,-0.034483,0,-0.034483,0,-0.034483,0,-0.034483,0,-0.034483,0,-0.034483,0,-0.034483,0,0.965517,0,-0.034483,0,-0.034483,0,-0.034483,0,-0.034483,0,-0.034483,0,-0.034483,0,-0.034483,0,-0.034483,0,-0.034483,0,-0.034483,0,-0.034483
(242;216),0,-0.034483,0,-0.034483,0,-0.034483,0,-0.034483,0,-0.034483,0,-0.034483,0,-0.034483,0,-0.034483,0,-0.034483,0,-0.034483,0,-0.034483,0,-0.034483,0,-0.034483,0,-0.034483,0,-0.034483,0,-0.034483,0,-0.034483,0,-0.034483,0,0.965517,0,-0.034483,0,-0.034483,0,-0.034483,0,-0.034483,0,-0.034483,0,-0.034483,0,-0.034483,0,-0.034483,0,-0.034483,0,-0.034483
(302;405),0,-0.068966,0,-0.068966,0,-0.068966,0,-0.068966,0,-0.068966,0,-0.068966,0,-0.068966,0,-0.068966,0,-0.068966,0,-0.068966,0,-0.068966,0,-0.068966,0,-0.068966,0,-0.068966,0,-0.068966,0,-0.068966,0,-0.068966,0,1.931034,0,-0.068966,0,-0.068966,0,-0.068966,0,-0.068966,0,-0.068966,0,-0.068966,0,-0.068966,0,-0.068966,0,-0.068966,0,-0.068966,0,-0.068966
(413;576),0,-0.034483,0,-0.034483,0,-0.034483,0,-0.034483,0,-0.034483,0,-0.034483,0,-0.034483,0,-0.034483,0,-0.034483,0,-0.034483,0,-0.034483,0,-0.034483,0,-0.034483,0,-0.034483,0,-0.034483,0,-0.034483,0,-0.034483,0,-0.034483,0,0.965517,0,-0.034483,0,-0.034483,0,-0.034483,0,-0.034483,0,-0.034483,0,-0.034483,0,-0.034483,0,-0.034483,0,-0.034483,0,-0.034483
